profile_id,source_name,source_city,source_address,source_pharmacy_number,classification,approval_required,hq_id,hq_name,hq_city,hq_address,score,runner_up_hq_id,runner_up_score
1,Курмет-Фарм г.Алматы  Раймбека 150,Алматы,"Алматы, проспект Райымбека, 150",4000,exact_name_correlated_address_city,true,sloc_01KSAHYDSJ5JAN0QCT6MT5RHMY,Курмет-Фарм г.Алматы Раймбека 150,Алматы,Раймбека 150,1.1412,sloc_01KSAHYDSA3EW56H3A24VQ9NGR,0.7621
2,JNk-фарм г.Алматы Утеген батыра 73б,Алматы,"Алматы, улица Утеген батыра, 73Б",1000,exact_name_address_city,true,sloc_01KSAHYDSHH2B5F57HFYKM7H5G,JNk-фарм г.Алматы Утеген батыра 73б,Алматы,Утеген батыра 73б,1.24,sloc_01KSAHYDSESY9TY06MNBXDHEBF,0.8904
3,JNK-фарм Розыбакиева 33б,Алматы,,1000,manual_review,true,sloc_01KSAHYDSF8Y1F11YYDFQ37WME,JNK-фарм г.Алматы Макатаева 73,Алматы,Макатаева 73,0.4093,sloc_01KSAHYDSKQ7YMYGKZ2MHBPFQY,0.3946
4,JNK-фарм г.Алматы Ауэзова 26 Б,Алматы,"Жибек Жолы, улица Ауэзова, 26Б",1000,manual_review,true,sloc_01KSAHYDSEJFRX5RGW25Q5H286,JNK-фарм г.Алматы Ауэзова 26 Б,Алматы,Ауэзова 26 Б,0.9141,sloc_01KSAHYDSB5E4TBP0F1SX054CT,0.605
5,Курмет-Фарм г.Астана Азербаева 4/1,Астана,"Астана, улица Кенен Азербаев, 4/1",4000,exact_name_correlated_address_city,true,sloc_01KSAHYDSCDCKP4YAHDBNJQ6PB,Курмет-Фарм г.Астана Азербаева 4/1,Астана,Азербаева 4/1,1.0539,sloc_01KSAHYDSCWMYE9AZK8RGJFCWS,0.5693
6,Курмет-Фарм г. Астана Сыганак закрыта,Город не указан,,4000,closed_source_review,true,,,,,,,
7,JNK-фарм Достык 91 Закрыта,Алматы,,1000,closed_source_review,true,sloc_01KSAHYDSEPKDG07NQXD014HD9,JNK-фарм г.Алматы Достык 40,Алматы,Достык 40,0.3925,sloc_01KSAHYDSF8Y1F11YYDFQ37WME,0.3714
8,JNK-фарм г.Алматы мкр 7 д.6,Алматы,"Алматы, 7-й микрорайон, 6",1000,exact_name_correlated_address_city,true,sloc_01KSAHYDSF2J9Z60RDTK3GR80R,JNK-фарм г.Алматы мкр 7 д.6,Алматы,мкр 7 д.6,1.0425,sloc_01KSAHYDSBXV774MJ1VD1TW8F5,0.5829
9,JNK-фарм г.Алматы Жандосова 132,Алматы,"Алматы, Ораза Жандосова улица, 132",1000,exact_name_correlated_address_city,true,sloc_01KSAHYDSB5E4TBP0F1SX054CT,JNK-фарм г.Алматы Жандосова 132,Алматы,Жандосова 132,1.0719,sloc_01KSAHYDSB0EQBKS4S8RQSB5MW,0.6654
10,Курмет-Фарм г.Алматы Ауэзова 109(Абая 76),Алматы,"Алматы, улица Ауэзова, 109",4000,manual_review,true,sloc_01KSAHYDS9MHDKAPC6P4KH7CNB,Курмет-Фарм г.Алматы Ауэзова 109(Абая 76),Алматы,Ауэзова 109(Абая 76),0.9547,sloc_01KSAHYDSDX3CCR5ZNG8GXXTDF,0.7668
11,Ирбис Транс Систем г.Алматы  Раймбека 100,Алматы,"Алматы, проспект Райымбека, 100",3000,exact_name_correlated_address_city,true,sloc_01KSAHYDSA3EW56H3A24VQ9NGR,Ирбис Транс Систем г.Алматы Раймбека 100,Алматы,Раймбека 100,1.1412,sloc_01KSAHYDSJ5JAN0QCT6MT5RHMY,0.7766
12,Аспект-траст Джандосова 6а Закрыта,Алматы,,2000,closed_source_review,true,sloc_01KSBH8M03MFBQMB6WNKTK217C,Аспект-траст г.Алматы Тимирязева 59 закрыта,Алматы,Тимирязева 59 закрыта,0.4221,sloc_01KSAHYDSCYFSRYTWNE2PY9G63,0.3921
13,Аспект-траст г.Алматы Айнабулак-3 д 88,Алматы,"Алматы, микрорайон Айнабулак 3, 88а",2000,manual_review,true,sloc_01KSAHYDSP8YEE3YSTVYX7JTHD,Аспект-траст г.Алматы Айнабулак-3 д 88,Алматы,Айнабулак-3 д 88,1.0638,sloc_01KSAHYDSEJR9R3QW7ER8G18M0,0.8565
14,Ирбис Транс Систем Шевченко 37 Закрыта,Алматы,,3000,closed_source_review,true,sloc_01KSBH8M03MS57KWVW2Q6T22Z6,Ирбис Транс Систем г.Алматы Хабибулина 10A (закрыта),Алматы,Хабибулина 10A (закрыта),0.4284,sloc_01KSBRMS3ACBVBTYKHGTTZ2R5F,0.4236
15,Аспект-траст г.Алматы Айнабулак-3 101,Алматы,"Алматы, микрорайон Айнабулак 3, 101а",2000,manual_review,true,sloc_01KSAHYDSEJR9R3QW7ER8G18M0,Аспект-траст г.Алматы Айнабулак-3 101,Алматы,Айнабулак-3 101,1.0648,sloc_01KSAHYDSP8YEE3YSTVYX7JTHD,0.8565
16,Ирбис Транс Систем г.Алматы Р.Зорге д.10,Алматы,"Алматы, улица Рихарда Зорге, 10",3000,exact_name_correlated_address_city,true,sloc_01KSAHYDSDMGM7EDWWX2NXWRQB,Ирбис Транс Систем г.Алматы Р.Зорге д.10,Алматы,Р.Зорге д.10,1.0515,sloc_01KSAHYDSA3EW56H3A24VQ9NGR,0.6387
17,Ирбис Транс Систем г.Алматы Чайковского 22,Алматы,"Алматы, улица Чайковского, 22а",3000,manual_review,true,sloc_01KSAHYDSA5KTQ4E9S3FA02DZ2,Ирбис Транс Систем г.Алматы Чайковского 22,Алматы,Чайковского 22,1.0638,sloc_01KSAHYDSPN62TN485XZBS1PZR,0.5985
18,Аспект-траст г.Алматы Серкебаева 96,Алматы,"Алматы, проспект Гагарина, 274/1",2000,manual_review,true,ph_6359ee31,Аспект-траст г.Алматы Гагарина 274,Алматы,Гагарина 274,0.8179,ph_598eb3fd,0.761
19,Ирбис Транс Систем Раимбека 212а Закрыта,Алматы,,3000,closed_source_review,true,sloc_01KSBH8M03MS57KWVW2Q6T22Z6,Ирбис Транс Систем г.Алматы Хабибулина 10A (закрыта),Алматы,Хабибулина 10A (закрыта),0.4767,sloc_01KSBRMS3ACBVBTYKHGTTZ2R5F,0.4714
20,JNK-фарм Прокофьева 89А Закрыта,Алматы,,1000,closed_source_review,true,sloc_01KSAHYDSBXV774MJ1VD1TW8F5,JNK-фарм г.Алматы 7 мкр Мамыр 11 а,Алматы,7 мкр Мамыр 11 а,0.32,sloc_01KSAHYDSKQ7YMYGKZ2MHBPFQY,0.3095
21,Ирбис Транс Систем г.Алматы Сейфуллина 106 Закрыта,Алматы,,3000,closed_source_review,true,sloc_01KSBH8M03MS57KWVW2Q6T22Z6,Ирбис Транс Систем г.Алматы Хабибулина 10A (закрыта),Алматы,Хабибулина 10A (закрыта),0.572,sloc_01KSBRMS3ACBVBTYKHGTTZ2R5F,0.5535
22,JNK-фарм г.Алматы Шугыла Жунисова 10,Алматы,"Алматы, улица Жунисова, 10 к1",1000,exact_name_correlated_address_city,true,sloc_01KSAHYDSB0EQBKS4S8RQSB5MW,JNK-фарм г.Алматы Шугыла Жунисова 10,Алматы,Шугыла Жунисова 10,1.0131,sloc_01KSAHYDSN081ZP7SHPC28A9N5,0.7054
23,Ирбис Транс Систем г. Астана ул. Жирентаева 22,Астана,"Астана, улица Жанайдар Жирентаев, 22",3000,exact_name_correlated_address_city,true,sloc_01KSAHYDSAWA6720MXJERTQGCQ,Ирбис Транс Систем г. Астана ул. Жирентаева 22,Астана,ул. Жирентаева 22,1.0218,sloc_01KSAHYDSG9WZ1TE8W2G1JVNS3,0.6245
24,Аспект-траст Абая 47 Закрыта,Алматы,,2000,closed_source_review,true,sloc_01KSBH8M03MFBQMB6WNKTK217C,Аспект-траст г.Алматы Тимирязева 59 закрыта,Алматы,Тимирязева 59 закрыта,0.4577,sloc_01KSAHYDSCYFSRYTWNE2PY9G63,0.4333
25,Ирбис Транс Систем г.Астана Сары Арка 5,Астана,"Астана, проспект Сарыарка, 5",3000,exact_name_correlated_address_city,true,sloc_01KSAHYDSDR98AV21WVERKBYRR,Ирбис Транс Систем г.Астана Сары Арка 5,Астана,Сары Арка 5,1.1376,sloc_01KSAHYDSAWA6720MXJERTQGCQ,0.5185
26,Аспект-траст г.Алматы Орбита 3,Алматы,"Алматы, микрорайон Орбита-3, 4",2000,manual_review,true,sloc_01KSAHYDSHJRQP6X83S80KZNEJ,Аспект-траст г.Алматы Орбита 3,Алматы,Орбита 3,1.0278,sloc_01KSAHYDSDDE9J82WTQNWRN4P1,0.8563
27,JNK-фарм г.Алматы мкр Аксай 4 д.83,Алматы,"Алматы, микрорайон Аксай-4, 83",1000,exact_name_address_city,true,sloc_01KSAHYDSHCWDHST2DSXNAMK84,JNK-фарм г.Алматы мкр Аксай 4 д.83,Алматы,мкр Аксай 4 д.83,1.24,sloc_01KSAHYDSM0F0EGW9580VCAMMT,0.7564
28,Аспект-траст Радостовца 34 Закрыта,Город не указан,,2000,closed_source_review,true,,,,,,,
29,Аспект-траст г.Алматы Кабанбай батыра 199,Алматы,"Алматы, улица Кабанбай батыра, 199а",2000,manual_review,true,sloc_01KSAHYDSH9F4R6HZC1XHMVV9S,Аспект-траст г.Алматы Кабанбай батыра 199,Алматы,Кабанбай батыра 199,1.0679,sloc_01KSAHYDSAM9Y2HEB4FH7SR6M0,0.7577
30,Аспект-траст Желтоксан 111 Закрыта,Город не указан,,2000,closed_source_review,true,,,,,,,
31,JNK-фарм г.Алматы Утеген Батыра 96,Алматы,"Алматы, улица Утеген батыра, 96",1000,exact_name_address_city,true,sloc_01KSAHYDSESY9TY06MNBXDHEBF,JNK-фарм г.Алматы Утеген Батыра 96,Алматы,Утеген Батыра 96,1.24,sloc_01KSAHYDSHH2B5F57HFYKM7H5G,0.8904
32,!!!АСПЕКТ траст Навой 322 Плохой,Город не указан,,2000,no_city_candidates,true,,,,,,,
33,Аспект-траст г.Алматы Навой 322,Алматы,"Алматы, улица Навои, 328",2000,exact_address_correlated_name_city,true,ph_8acce7b8,Аспект-траст г.Алматы Навои 328,Алматы,Навои 328,1.1258,sloc_01KSAHYDSDXZCFAK8Z1SRJCS7J,0.9756
34,Аспект-траст г.Алматы  Бузурбаева 16 Закрыта,Алматы,,2000,closed_source_review,true,sloc_01KSAHYDSE7XBSG1YKFJQHX8F1,Аспект-траст г.Алматы ул.Бузурбаева 23,Алматы,ул.Бузурбаева 23,0.5296,sloc_01KSBH8M03MFBQMB6WNKTK217C,0.5291
35,JNK-фарм г.Алматы  мкрн Алтынсарина 87,Алматы,"Алматы, проспект Алтынсарина, 87",1000,exact_name_correlated_address_city,true,sloc_01KSAHYDSAGMTGAFYTQMTG5ZF8,JNK-фарм г.Алматы мкрн Алтынсарина 87,Алматы,мкрн Алтынсарина 87,1.0888,ph_981f8c3f,0.6486
36,"JNK-фарм с.Жетиген, ул Валиханова 92Г",Есик,"Алатау, улица Уалиханова, 92г",1000,manual_review,true,sloc_01KSBH8KZXDB4M31CRS77XCA48,"Ирбис-Жер г.Есик с.Кендала, ул. Смыкова 131а",Есик,"с.Кендала, ул. Смыкова 131а",0.3923,sloc_01KSAHYDSBZ0GYCBDE4WP0D3KF,0.2998
37,JNK-фарм г.Алматы Достык 40,Алматы,"Алматы, проспект Достык, 40",1000,exact_name_address_city,true,sloc_01KSAHYDSEPKDG07NQXD014HD9,JNK-фарм г.Алматы Достык 40,Алматы,Достык 40,1.24,sloc_01KSAHYDSN65DYVX7RJDYAS3K9,0.7551
38,Аспект-траст г.Алматы КазахФильм 21,Алматы,"Алматы, микрорайон Казахфильм, 21",2000,exact_name_address_city,true,sloc_01KSAHYDSD311C3DZPM5C3MVAQ,Аспект-траст г.Алматы КазахФильм 21,Алматы,КазахФильм 21,1.24,sloc_01KSAHYDSAT81M9QP7AHXM480B,0.9209
39,JNK-фарм село Есык ул. Колхозная 68,Есик,"Есик, улица Колхозная, 68",1000,manual_review,true,sloc_01KSAHYDSBZ0GYCBDE4WP0D3KF,Ирбис-Жер г.Есик ул Ыскака 76д,Есик,ул Ыскака 76д,0.4193,sloc_01KSBH8KZXDB4M31CRS77XCA48,0.3198
40,Аспект-траст г.Алматы Ауэзова 134,Алматы,"Алматы, улица Ауэзова, 134",2000,exact_name_address_city,true,sloc_01KSAHYDSE5MVP79KGJSH2F2SK,Аспект-траст г.Алматы Ауэзова 134,Алматы,Ауэзова 134,1.24,sloc_01KSAHYDSDX3CCR5ZNG8GXXTDF,0.915
41,Аспект-траст г.Алматы Розыбакиева 210,Алматы,"Алматы, улица Розыбакиева, 210",2000,exact_name_address_city,true,sloc_01KSAHYDSCFSGRNV8WVRVPTKAA,Аспект-траст г.Алматы Розыбакиева 210,Алматы,Розыбакиева 210,1.24,sloc_01KSAHYDSBQ32SS4NAAJ0SNF7X,0.9543
42,"Аспект-траст г.Алматы Серкебаева, 2",Алматы,"Алматы, проспект Гагарина, 190",2000,manual_review,true,ph_598eb3fd,Аспект-траст г.Алматы Гагарина 159,Алматы,Гагарина 159,0.8205,ph_ff49afa8,0.8205
43,JNK-фарм г.Алматы Отеген батыра ул.Титова 33б,Алматы,"Утеген батыр, улица Титова, 33б",1000,exact_name_correlated_address_city,true,sloc_01KSAHYDSDTYA91QHDKH2GPJDV,JNK-фарм г.Алматы Отеген батыра ул.Титова 33б,Алматы,Отеген батыра ул.Титова 33б,1.13,sloc_01KSAHYDSHH2B5F57HFYKM7H5G,0.8133
44,Аспект-траст г.Алматы Достык 248а,Алматы,"Алматы, проспект Достык, 248а",2000,exact_name_address_city,true,sloc_01KSAHYDSJ5BCQT07391P1T8D7,Аспект-траст г.Алматы Достык 248а,Алматы,Достык 248а,1.24,sloc_01KSAHYDSN65DYVX7RJDYAS3K9,0.9695
45,Аспект-траст г.Алматы Орбита 4 д 11,Алматы,"Алматы, микрорайон Орбита-4, 11",2000,exact_name_address_city,true,sloc_01KSAHYDSFQ3P0QKXNMPEDJS80,Аспект-траст г.Алматы Орбита 4 д 11,Алматы,Орбита 4 д 11,1.24,sloc_01KSAHYDSDDE9J82WTQNWRN4P1,0.9699
46,Аспект-траст г.Алматы Сулейменова 24а,Алматы,"Алматы, улица Сулейменова, 24а",2000,exact_name_address_city,true,sloc_01KSAHYDS9E5HDRG9RH2JKGK6D,Аспект-траст г.Алматы Сулейменова 24а,Алматы,Сулейменова 24а,1.24,sloc_01KSAHYDSE9M6TJF3C6NCNXTT6,0.6922
47,JNK-фарм г.Алматы Толе би 228,Алматы,"Алматы, улица Толе би, 228",1000,exact_name_address_city,true,sloc_01KSAHYDSDJMMAFFMTNGZ55VEB,JNK-фарм г.Алматы Толе би 228,Алматы,Толе би 228,1.24,sloc_01KSAHYDSBYVB3G3TS5P01QM82,0.878
48,JNK-фарм г.Алматы Сейфулина 177,Алматы,"Алматы, проспект Сейфуллина, 177/10в",1000,manual_review,true,sloc_01KSAHYDSD423ENHKMZQ3DJ583,JNK-фарм г.Алматы Сейфулина 177,Алматы,Сейфулина 177,1.0042,sloc_01KSAHYDSDKV4X45Z4WYKR8AY9,0.8404
49,Аспект-траст г.Алматы  Маркова 47а,Алматы,"Алматы, улица Маркова, 47а",2000,exact_name_address_city,true,sloc_01KSAHYDSE9M6TJF3C6NCNXTT6,Аспект-траст г.Алматы Маркова 47а,Алматы,Маркова 47а,1.24,sloc_01KSAHYDSE5MVP79KGJSH2F2SK,0.7061
50,JNK-фарм Байтурсынова 22 Закрыта,Алматы,,1000,closed_source_review,true,sloc_01KSAHYDSMZ9GVAP499G242TB2,"JNK-фарм г. Алматы, ул.Байтурсынова, 43",Алматы,"ул.Байтурсынова, 43",0.4206,sloc_01KSAHYDSEJFRX5RGW25Q5H286,0.3774
51,Аспект-траст г.Алматы Маметова 22,Алматы,"Алматы, улица Маметовой, 22",2000,exact_name_correlated_address_city,true,sloc_01KSAHYDSNDAQ7WDHE9JT0M4P3,Аспект-траст г.Алматы Маметова 22,Алматы,Маметова 22,1.0987,sloc_01KSAHYDSDXZCFAK8Z1SRJCS7J,0.7605
52,JNK-фарм г.Алматы Макатаева 73,Алматы,"Алматы, улица Макатаева, 73",1000,exact_name_address_city,true,sloc_01KSAHYDSF8Y1F11YYDFQ37WME,JNK-фарм г.Алматы Макатаева 73,Алматы,Макатаева 73,1.24,sloc_01KSAHYDSKPTD3XC47HY0XXXK0,0.8863
53,JNK-фарм Водник Абылай хана 5а Алм-ая область,Алматы,"Боралдай, улица Абылай хана, 5а",1000,manual_review,true,sloc_01KSAHYDSPC7GM1YAJNNT43TTQ,JNK-фарм г.Алматы Абылай Хана 177,Алматы,Абылай Хана 177,0.5958,sloc_01KSAHYDSMTGV8JD8BCA9VD0C8,0.4582
54,ИРБИС ТРАНС СИСТЕМ Нурсултан Мангелик Ел 51/2,Город не указан,,3000,no_city_candidates,true,,,,,,,
55,"Аспект-траст г.Алматы Серкебаева, 45",Алматы,"Алматы, проспект Гагарина, 159",2000,manual_review,true,ph_598eb3fd,Аспект-траст г.Алматы Гагарина 159,Алматы,Гагарина 159,1.0294,ph_ff49afa8,0.7757
56,JNK-фарм г.Алматы Пушкина 25,Алматы,"Алматы, улица Пушкина, 25",1000,exact_name_address_city,true,sloc_01KSAHYDSB2VEF2G8D1N5V0JP2,JNK-фарм г.Алматы Пушкина 25,Алматы,Пушкина 25,1.24,sloc_01KSAHYDSJ86QD093P9SNPHC3K,0.775
57,JNK-фарм Манаса 24а Закрыта,Алматы,,1000,closed_source_review,true,sloc_01KSBRMS3A607H4YXF4K3YNH22,Курмет-Фарм г.Алматы ул.Манаса 57 ЗАКРЫТА,Алматы,ул.Манаса 57 ЗАКРЫТА,0.4015,sloc_01KSAHYDSM0F0EGW9580VCAMMT,0.3782
58,JNK-фарм г.Алматы Толе Би 124,Алматы,"Алматы, улица Толе би, 124",1000,exact_name_address_city,true,sloc_01KSAHYDSBYVB3G3TS5P01QM82,JNK-фарм г.Алматы Толе Би 124,Алматы,Толе Би 124,1.24,sloc_01KSAHYDS96KVFAFXB3749EHCV,0.905
59,JNK-фарм г.Алматы 7 мкр Мамыр 11 а,Алматы,"Алматы, микрорайон Мамыр 7, 11",1000,exact_name_correlated_address_city,true,sloc_01KSAHYDSBXV774MJ1VD1TW8F5,JNK-фарм г.Алматы 7 мкр Мамыр 11 а,Алматы,7 мкр Мамыр 11 а,1.0318,sloc_01KSAHYDSEHZ1159YVM209DYT0,0.6426
60,Аспект-траст Абая 159б Закрыта,Город не указан,,2000,closed_source_review,true,,,,,,,
61,Аспект-траст г.Алматы Тимирязева 101,Алматы,"Алматы, улица Тимирязева, 101",2000,exact_name_address_city,true,sloc_01KSAHYDSNDKZ19PMENP64DP89,Аспект-траст г.Алматы Тимирязева 101,Алматы,Тимирязева 101,1.24,sloc_01KSAHYDSCTYZPN5796YZD5S73,0.9517
62,JNK-фарм г.Алматы Сейфуллина 287,Алматы,"Алматы, проспект Сейфуллина, 287",1000,exact_name_address_city,true,sloc_01KSAHYDSDKV4X45Z4WYKR8AY9,JNK-фарм г.Алматы Сейфуллина 287,Алматы,Сейфуллина 287,1.24,sloc_01KSAHYDSD423ENHKMZQ3DJ583,0.8709
63,Ирбис Транс Систем г.Астана Абу Даби Сыганак 14/1 закрыта,Астана,,3000,closed_source_review,true,sloc_01KSAHYDSAWA6720MXJERTQGCQ,Ирбис Транс Систем г. Астана ул. Жирентаева 22,Астана,ул. Жирентаева 22,0.4376,sloc_01KSAHYDSDR98AV21WVERKBYRR,0.4333
64,Аспект-траст г.Алматы Сайран мкр 6,Алматы,"Алматы, микрорайон Сайран, 6",2000,exact_name_address_city,true,sloc_01KSAHYDSCK2X1NS6Q8BEHX43T,Аспект-траст г.Алматы Сайран мкр 6,Алматы,Сайран мкр 6,1.24,sloc_01KSAHYDSDVT2PSBH7BQMR2TVB,0.6559
65,JNK-фарм г.Алматы Джамбула 155,Алматы,"Алматы, улица Жамбыла, 155 к2",1000,exact_name_correlated_address_city,true,sloc_01KSAHYDSGXV8MT8W85S278FF4,JNK-фарм г.Алматы Джамбула 155,Алматы,Джамбула 155,1.0515,sloc_01KSAHYDSMTGV8JD8BCA9VD0C8,0.6445
66,JNK-фарм г.Алматы Аксай 1 15,Алматы,"Алматы, микрорайон Аксай 1, 15",1000,exact_name_address_city,true,sloc_01KSAHYDSM0F0EGW9580VCAMMT,JNK-фарм г.Алматы Аксай 1 15,Алматы,Аксай 1 15,1.24,sloc_01KSAHYDSHCWDHST2DSXNAMK84,0.7564
67,JNK-фарм г.Алматы Толе Би 40,Алматы,"Алматы, улица Толе би, 40",1000,exact_name_address_city,true,sloc_01KSAHYDS96KVFAFXB3749EHCV,JNK-фарм г.Алматы Толе Би 40,Алматы,Толе Би 40,1.24,sloc_01KSAHYDSBYVB3G3TS5P01QM82,0.905
68,Аспект-траст г.Алматы Сейфуллина 553,Алматы,"Алматы, проспект Сейфуллина, 553",2000,exact_name_address_city,true,sloc_01KSAHYDSCR41B0NYCDCYQHAS9,Аспект-траст г.Алматы Сейфуллина 553,Алматы,Сейфуллина 553,1.24,ph_096cf002,0.7293
69,Аспект-траст г.Алматы 9мкр 3а,Алматы,"Алматы, 9-й микрорайон, 3а",2000,manual_review,true,sloc_01KSAHYDSCYFSRYTWNE2PY9G63,Аспект-траст г.Алматы 9мкр 3а,Алматы,9мкр 3а,0.8992,sloc_01KSAHYDSDXZCFAK8Z1SRJCS7J,0.612
70,Аспект-траст г.Алматы Сатпаева 64б,Алматы,"Алматы, улица Каныша Сатпаева, 64б",2000,exact_name_correlated_address_city,true,sloc_01KSAHYDSDVT2PSBH7BQMR2TVB,Аспект-траст г.Алматы Сатпаева 64б,Алматы,Сатпаева 64б,1.0539,sloc_01KSAHYDSAZD40KWBZMDRQM8WZ,0.7724
71,Аспект-траст Байтурсынова 61 Закрыта,Город не указан,,2000,closed_source_review,true,,,,,,,
72,Аспект-траст г.Алматы Тимирязева 59 закрыта,Алматы,,2000,closed_source_review,true,sloc_01KSBH8M03MFBQMB6WNKTK217C,Аспект-траст г.Алматы Тимирязева 59 закрыта,Алматы,Тимирязева 59 закрыта,0.73,sloc_01KSAHYDSE4ATVTABHF0HDK2ES,0.55
73,Ирбис Транс Систем г.Алматы Хабибулина 10A (закрыта),Алматы,,3000,closed_source_review,true,sloc_01KSBH8M03MS57KWVW2Q6T22Z6,Ирбис Транс Систем г.Алматы Хабибулина 10A (закрыта),Алматы,Хабибулина 10A (закрыта),0.73,sloc_01KSBRMS3ACBVBTYKHGTTZ2R5F,0.5406
74,JNK-фарм г.Алматы Абылай Хана 177,Алматы,"Каскелен, проспект Абылай хана, 175",1000,manual_review,true,sloc_01KSAHYDSPC7GM1YAJNNT43TTQ,JNK-фарм г.Алматы Абылай Хана 177,Алматы,Абылай Хана 177,0.9474,sloc_01KSAHYDSMTGV8JD8BCA9VD0C8,0.6645
75,Аспект-траст Коктем-3 Закрыта,Город не указан,,2000,closed_source_review,true,,,,,,,
76,JNK-фарм г.Алматы Станкевича 9/11,Алматы,"Алматы, улица Станкевича, 9",1000,manual_review,true,sloc_01KSAHYDSEY28H8JQ4EKH8A9QX,JNK-фарм г.Алматы Станкевича 9/11,Алматы,Станкевича 9/11,1.0278,sloc_01KSAHYDSF8Y1F11YYDFQ37WME,0.6388
77,Аспект-траст г.Алматы Самал 2 д45,Алматы,"Алматы, микрорайон Самал-2, 45",2000,manual_review,true,sloc_01KSAHYDSDNQ67QVSBARDN1CXJ,Аспект-траст г.Алматы Самал 2 д45,Алматы,Самал 2 д45,1.0576,sloc_01KSAHYDSMPG5DCG9JBFW0Q4ZZ,0.736
78,Аспект-траст г.Алматы Сатпаева 5а,Алматы,"Алматы, улица Каныша Сатпаева, 5а",2000,exact_name_correlated_address_city,true,sloc_01KSAHYDSAZD40KWBZMDRQM8WZ,Аспект-траст г.Алматы Сатпаева 5а,Алматы,Сатпаева 5а,1.0466,sloc_01KSAHYDSDVT2PSBH7BQMR2TVB,0.7724
79,JNK-фарм Карасай батыра 169 Закрыта,Город не указан,,1000,closed_source_review,true,,,,,,,
80,Аспект-траст г.Алматы Ауэзова 104Б,Алматы,"Алматы, улица Ауэзова, 104Б",2000,exact_name_address_city,true,sloc_01KSAHYDSDX3CCR5ZNG8GXXTDF,Аспект-траст г.Алматы Ауэзова 104Б,Алматы,Ауэзова 104Б,1.24,sloc_01KSAHYDSE5MVP79KGJSH2F2SK,0.915
81,JNK-фарм г.Алматы Сарыарка мкр4 28/1,Алматы,"Алматы, 4-й микрорайон, 28/1",1000,manual_review,true,sloc_01KSAHYDS9WDE55Z6WYQ7R7DB1,JNK-фарм г.Алматы Сарыарка мкр4 28/1,Алматы,Сарыарка мкр4 28/1,0.8269,sloc_01KSAHYDSDJMMAFFMTNGZ55VEB,0.5567
82,Аспект-траст г.Алматы Ивана-Соколовского 37,Алматы,"Алматы, проспект Гагарина, 181а",2000,manual_review,true,sloc_01KSAHYDSED7GPYC2CGYY940JZ,Аспект-траст г.Алматы Гагарина 137,Алматы,Гагарина 137,0.7615,ph_ff49afa8,0.7477
83,JNK-фарм г.Алматы Айтиева 154/1 Закрыта,Алматы,,1000,closed_source_review,true,sloc_01KSAHYDSKPTD3XC47HY0XXXK0,JNK-фарм г.Алматы Макатаева 45,Алматы,Макатаева 45,0.471,sloc_01KSAHYDSF8Y1F11YYDFQ37WME,0.4522
84,Ирбис Транс Систем г.Алматы мкр. Астана 1/10 ТД Люмир,Алматы,"Алматы, микрорайон Астана, 1/10",3000,exact_name_correlated_address_city,true,sloc_01KSAHYDSD2P8RXZDW329X035V,Ирбис Транс Систем г.Алматы мкр. Астана 1/10 ТД Люмир,Алматы,мкр. Астана 1/10 ТД Люмир,1.0235,sloc_01KSAHYDSNT6PYH1Q9N787XNR1,0.6893
85,Аспект-траст г.Алматы Тимирязева 44,Алматы,"Алматы, улица Тимирязева, 44",2000,exact_name_address_city,true,sloc_01KSAHYDSE4ATVTABHF0HDK2ES,Аспект-траст г.Алматы Тимирязева 44,Алматы,Тимирязева 44,1.24,sloc_01KSAHYDSCTYZPN5796YZD5S73,0.8756
86,Ирбис Транс Систем г.Алматы Аксай 4 70б,Алматы,"Алматы, микрорайон Аксай-4, 70Б",3000,exact_name_address_city,true,sloc_01KSAHYDSF5TFSDWEM4FSRNNPK,Ирбис Транс Систем г.Алматы Аксай 4 70б,Алматы,Аксай 4 70б,1.24,sloc_01KSAHYDSHCWDHST2DSXNAMK84,0.6485
87,Аспект-траст г.Алматы Мамыр Керуентау 2/1,Алматы,"Алматы, улица Керуентау, 2/1",2000,exact_name_correlated_address_city,true,sloc_01KSAHYDSFA83R301P8CVE1QKA,Аспект-траст г.Алматы Мамыр Керуентау 2/1,Алматы,Мамыр Керуентау 2/1,1.0719,sloc_01KSAHYDSCQCD7VVTXX5M7NZP0,0.6355
88,Ирбис Транс Систем Боролдай Аэродромная 98 Алм-ая область,Алматы,"Боралдай, улица Аэродромная, 98",3000,manual_review,true,sloc_01KSAHYDSDTRBB3MMSPP6DK8ZY,Ирбис Транс Систем г.Алматы Асыл Арман 12,Алматы,Асыл Арман 12,0.5009,sloc_01KSAHYDSF5TFSDWEM4FSRNNPK,0.4364
89,JNK-фарм г.Алматы Кульджинский тракт 16/11,Алматы,"Алматы, Кульджинский тракт, 16/11 блок 6",1000,manual_review,true,sloc_01KSAHYDSEGG2Q42J9VWNPADAB,JNK-фарм г.Алматы Кульджинский тракт 16/11,Алматы,Кульджинский тракт 16/11,1.0202,sloc_01KSAHYDSESY9TY06MNBXDHEBF,0.5226
90,JNK-фарм Жубанова 94 Закрыта,Алматы,,1000,closed_source_review,true,sloc_01KSAHYDSMZ9GVAP499G242TB2,"JNK-фарм г. Алматы, ул.Байтурсынова, 43",Алматы,"ул.Байтурсынова, 43",0.3656,sloc_01KSBRMS3A607H4YXF4K3YNH22,0.358
91,Ирбис Транс Систем Северное кольцо 3Б закрыта,Алматы,,3000,closed_source_review,true,sloc_01KSBRMS3ACBVBTYKHGTTZ2R5F,Ирбис Транс Систем г.Алматы Саина 16 Магнум закрыта,Алматы,Саина 16 Магнум закрыта,0.4198,sloc_01KSBH8M03MS57KWVW2Q6T22Z6,0.3968
92,Ирбис Транс Систем г.Алматы Муратбаева 63,Алматы,"Алматы, улица Муратбаева, 63",3000,exact_name_address_city,true,sloc_01KSAHYDSE0QVJKACJ80FCCN52,Ирбис Транс Систем г.Алматы Муратбаева 63,Алматы,Муратбаева 63,1.24,sloc_01KSAHYDSFZRAEDKH18PXNM1A3,0.7531
93,Аспект-траст Розыбакиева 125/5 Закрыта,Город не указан,,2000,closed_source_review,true,,,,,,,
94,Аспект-траст г.Алматы Абая 99,Алматы,"Алматы, Абая проспект, 99",2000,exact_name_address_city,true,sloc_01KSAHYDSF4J2DQR289SJKDWX2,Аспект-траст г.Алматы Абая 99,Алматы,Абая 99,1.24,sloc_01KSAHYDSEDA5D2P6D4T31CAQD,0.7984
95,Аспект-траст Бухар Жирау 67 Закрыта,Город не указан,,2000,closed_source_review,true,,,,,,,
96,JNK-фарм Шолохова 22 Закрыта,Алматы,,1000,closed_source_review,true,sloc_01KSAHYDSEJFRX5RGW25Q5H286,JNK-фарм г.Алматы Ауэзова 26 Б,Алматы,Ауэзова 26 Б,0.3586,sloc_01KSAHYDSBXV774MJ1VD1TW8F5,0.3565
97,Аспект-траст г.Алматы Розыбакиева 190,Алматы,"Алматы, улица Розыбакиева, 190",2000,exact_name_address_city,true,sloc_01KSAHYDSBQ32SS4NAAJ0SNF7X,Аспект-траст г.Алматы Розыбакиева 190,Алматы,Розыбакиева 190,1.24,sloc_01KSAHYDSCFSGRNV8WVRVPTKAA,0.9543
98,JNK-фарм г.Алматы Нурлы жол 1/172,Алматы,"Алматы, улица Толе би, 172",1000,manual_review,true,sloc_01KSAHYDS9FJSNW4BQFMV1830E,JNK-фарм г.Алматы Нурлы жол 1/172,Алматы,Нурлы жол 1/172,0.8269,sloc_01KSAHYDSBYVB3G3TS5P01QM82,0.8205
99,JNK-фарм г.Алматы Толе Би 150,Алматы,"Алматы, улица Толе би, 150",1000,exact_name_address_city,true,sloc_01KSAHYDSD6TDYZJSV70971JEW,JNK-фарм г.Алматы Толе Би 150,Алматы,Толе Би 150,1.24,sloc_01KSAHYDSE53M183HA588FFNMB,0.939
101,Аспект-траст г.Алматы мкр.Казахфильм 19,Алматы,"Алматы, микрорайон Казахфильм, 19",2000,exact_name_address_city,true,sloc_01KSAHYDSAT81M9QP7AHXM480B,Аспект-траст г.Алматы мкр.Казахфильм 19,Алматы,мкр.Казахфильм 19,1.24,sloc_01KSAHYDSD311C3DZPM5C3MVAQ,0.9209
102,Аспект-траст г.Алматы Абая 34П,Алматы,"Алматы, Абая проспект, 34",2000,manual_review,true,sloc_01KSAHYDSEDA5D2P6D4T31CAQD,Аспект-траст г.Алматы Абая 34П,Алматы,Абая 34П,1.0487,sloc_01KSAHYDSF4J2DQR289SJKDWX2,0.8208
103,JNK-фарм г.Алматы Толе Би 159,Алматы,"Алматы, улица Толе би, 159",1000,exact_name_address_city,true,sloc_01KSAHYDSE53M183HA588FFNMB,JNK-фарм г.Алматы Толе Би 159,Алматы,Толе Би 159,1.24,sloc_01KSAHYDSD6TDYZJSV70971JEW,0.939
104,JNK-фарм г.Алматы Желтоксана 156,Алматы,"Алматы, улица Желтоксан, 156",1000,exact_name_correlated_address_city,true,sloc_01KSAHYDSDJWP7BV5JHWK2QANB,JNK-фарм г.Алматы Желтоксана 156,Алматы,Желтоксана 156,1.1426,sloc_01KSAHYDSDE11YKKT9RB4WZ752,0.8547
105,Ирбис Транс Систем г.Алматы Асыл Арман 12,Алматы,"Иргели, улица Асыл Арман, 12",3000,exact_name_correlated_address_city,true,sloc_01KSAHYDSDTRBB3MMSPP6DK8ZY,Ирбис Транс Систем г.Алматы Асыл Арман 12,Алматы,Асыл Арман 12,1.0603,sloc_01KSAHYDSP8TJQ6DM5RQQRKDXQ,0.7863
106,Ирбис Транс Систем с.Бесагаш ПК Луч востока 60 Закрыта,Город не указан,,3000,closed_source_review,true,,,,,,,
107,"ТОО ""Tengripharm"" г.Астана Нурсултан Мангелик Ел 17",Астана,"Астана, проспект Мангилик Ел, 17",5000,exact_name_correlated_address_city,true,sloc_01KSAHYDSAGGYTA3FFWWHRFP75,"ТОО ""Tengripharm"" г.Астана Нурсултан Мангелик Ел 17",Астана,Нурсултан Мангелик Ел 17,1.0116,sloc_01KSAHYDSDWKAXDAY7WR3XJ7GB,0.7441
108,Ирбис Транс Систем Толе Би 285 Закрыта,Город не указан,,3000,closed_source_review,true,,,,,,,
109,Ирбис Транс Систем г.Талгар Асан Кайгы 49/1,Есик,"Талгар, улица Асан Кайгы, 49",3000,manual_review,true,sloc_01KSAHYDSBZ0GYCBDE4WP0D3KF,Ирбис-Жер г.Есик ул Ыскака 76д,Есик,ул Ыскака 76д,0.3577,sloc_01KSBH8KZXDB4M31CRS77XCA48,0.3338
110,"ТОО ""Tengripharm"" г.Астана Абая 63",Астана,"Астана, проспект Абая, 63",5000,exact_name_address_city,true,sloc_01KSAHYDSBVDK50WGYP8A7BKDH,"ТОО ""Tengripharm"" г.Астана Абая 63",Астана,Абая 63,1.24,sloc_01KSAHYDS95829RCE3XPY7VREP,0.6706
111,Аспект-траст г.Алматы Коктем 1 д.20,Алматы,"Алматы, микрорайон Коктем-1, 20",2000,exact_name_address_city,true,sloc_01KSAHYDSD5VFWDZR0VDAHQXJR,Аспект-траст г.Алматы Коктем 1 д.20,Алматы,Коктем 1 д.20,1.24,sloc_01KSAHYDSDBS4TGX09FMVQR9TG,0.8843
112,JNK-фарм Богенбай батыра 136 Закрыта,Алматы,,1000,closed_source_review,true,sloc_01KSAHYDSESY9TY06MNBXDHEBF,JNK-фарм г.Алматы Утеген Батыра 96,Алматы,Утеген Батыра 96,0.39,sloc_01KSAHYDSHH2B5F57HFYKM7H5G,0.3845
113,Аспект-траст г.Алматы Орбита 4 д 1,Алматы,"Алматы, микрорайон Орбита-4, 1",2000,exact_name_address_city,true,sloc_01KSAHYDSDDE9J82WTQNWRN4P1,Аспект-траст г.Алматы Орбита 4 д 1,Алматы,Орбита 4 д 1,1.24,sloc_01KSAHYDSFQ3P0QKXNMPEDJS80,0.9699
114,JNK-фарм г.Алматы Кемел Аксуат 82,Алматы,"Алматы, улица Аксуат, 82а",1000,manual_review,true,sloc_01KSAHYDSENDZW2W7RPHV3AR4M,JNK-фарм г.Алматы Кемел Аксуат 82,Алматы,Кемел Аксуат 82,0.9484,sloc_01KSAHYDSHCWDHST2DSXNAMK84,0.6933
115,Ирбис Транс Систем Кунаева д3,Есик,"Конаев, проспект Кунаева, 3",3000,manual_review,true,sloc_01KSAHYDSBZ0GYCBDE4WP0D3KF,Ирбис-Жер г.Есик ул Ыскака 76д,Есик,ул Ыскака 76д,0.4682,sloc_01KSBH8KZXDB4M31CRS77XCA48,0.3873
116,JNK-фарм Толе би 55 Закрыта,Город не указан,,1000,closed_source_review,true,,,,,,,
117,"ТОО ""Tengripharm"" г.Астана Нурмагамбетова 21",Астана,"Астана, улица Сагадат Нурмагамбетов, 21",5000,exact_name_correlated_address_city,true,sloc_01KSAHYDSBCJ8J04MHVW8BE89M,"ТОО ""Tengripharm"" г.Астана Нурмагамбетова 21",Астана,Нурмагамбетова 21,1.0568,sloc_01KSAHYDSF9QPWYQNB2QB0HZSZ,0.6565
118,"ТОО ""Tengripharm"" г.Астана Сейфуллина 41",Астана,"Астана, улица Сакена Сейфуллина, 41",5000,exact_name_correlated_address_city,true,sloc_01KSAHYDSAX03MRR8ADEMC8AK1,"ТОО ""Tengripharm"" г.Астана Сейфуллина 41",Астана,Сейфуллина 41,1.0603,sloc_01KSAHYDSG37PTDDTM8M1P215J,0.8383
119,"JNK-фарм г.Алматы мкр. Орбита 2, 2",Алматы,"Алматы, микрорайон Орбита 2, 2",1000,exact_name_address_city,true,sloc_01KSAHYDSHYDSTEXJE7N11N89K,"JNK-фарм г.Алматы мкр. Орбита 2, 2",Алматы,"мкр. Орбита 2, 2",1.24,sloc_01KSAHYDSDDE9J82WTQNWRN4P1,0.6972
120,JNK-фарм г.Алматы 5мкр д 18,Алматы,"Алматы, 5-й микрорайон, 18",1000,manual_review,true,sloc_01KSAHYDSDNTKEKESYSB2BP6G5,JNK-фарм г.Алматы 5мкр д 18,Алматы,5мкр д 18,0.8992,sloc_01KSAHYDSEJE2R40MWRJ2CCRGV,0.6234
121,Аспект-траст г.Алматы Серкебаева 1,Алматы,"Алматы, проспект Серкебаева, 1",2000,manual_review,true,sloc_01KSAHYDSCQCD7VVTXX5M7NZP0,"Аспект-траст г.Алматы Серкебаева, 2",Алматы,"Серкебаева, 2",0.9452,sloc_01KSAHYDSN7GXWY23SWJN2C8D1,0.9275
122,"ТОО ""Tengripharm"" г.Астана Кошкарбаева 48",Астана,"Астана, проспект Ракымжан Кошкарбаев, 48",5000,exact_name_correlated_address_city,true,sloc_01KSAHYDSCWMYE9AZK8RGJFCWS,"ТОО ""Tengripharm"" г.Астана Кошкарбаева 48",Астана,Кошкарбаева 48,1.0294,sloc_01KSAHYDSG9WZ1TE8W2G1JVNS3,0.6414
123,Ирбис Транс Систем п.Отеген Батыра Батталханова 4б Алм-ая область,Алматы,"Утеген батыр, улица Батталханова, 4б",3000,manual_review,true,sloc_01KSAHYDSDTYA91QHDKH2GPJDV,JNK-фарм г.Алматы Отеген батыра ул.Титова 33б,Алматы,Отеген батыра ул.Титова 33б,0.5844,sloc_01KSAHYDSHH2B5F57HFYKM7H5G,0.5041
124,Аспект-траст г.Алматы Коктем 1 д.16,Алматы,"Алматы, микрорайон Коктем-1, 16",2000,exact_name_address_city,true,sloc_01KSAHYDSDBS4TGX09FMVQR9TG,Аспект-траст г.Алматы Коктем 1 д.16,Алматы,Коктем 1 д.16,1.24,sloc_01KSAHYDSD5VFWDZR0VDAHQXJR,0.8843
125,"ТОО ""Tengripharm"" г.Астана Лесная Поляна ВП 15",Астана,"Косшы, улица Лесная поляна, 15",5000,exact_name_correlated_address_city,true,sloc_01KSAHYDSA76CBMATJ7KQ5XZVG,"ТОО ""Tengripharm"" г.Астана Лесная Поляна ВП 15",Астана,Лесная Поляна ВП 15,1.0568,sloc_01KSAHYDSCWR1EEA1N8TMX9HKE,0.8529
126,Ирбис Транс Систем Байсерке Аркабая 4 Алм-ая область,Алматы,"Байсерке, улица Аркабая, 4",3000,manual_review,true,sloc_01KSAHYDSDTRBB3MMSPP6DK8ZY,Ирбис Транс Систем г.Алматы Асыл Арман 12,Алматы,Асыл Арман 12,0.52,sloc_01KSAHYDSPN62TN485XZBS1PZR,0.503
127,Аспект-траст г.Алматы Тимирязева 107,Алматы,"Алматы, улица Тимирязева, 107",2000,exact_name_address_city,true,sloc_01KSAHYDSCTYZPN5796YZD5S73,Аспект-траст г.Алматы Тимирязева 107,Алматы,Тимирязева 107,1.24,sloc_01KSAHYDSNDKZ19PMENP64DP89,0.9517
128,Ирбис Транс Систем г.Алматы Саина 16 Магнум закрыта,Алматы,,3000,closed_source_review,true,sloc_01KSBRMS3ACBVBTYKHGTTZ2R5F,Ирбис Транс Систем г.Алматы Саина 16 Магнум закрыта,Алматы,Саина 16 Магнум закрыта,0.73,sloc_01KSBH8M03MS57KWVW2Q6T22Z6,0.5406
129,Ирбис Транс Систем Ибрагимова 14 Алм-ая область,Есик,"Есик, улица Ибрагимова, 14",3000,manual_review,true,sloc_01KSBH8KZXDB4M31CRS77XCA48,"Ирбис-Жер г.Есик с.Кендала, ул. Смыкова 131а",Есик,"с.Кендала, ул. Смыкова 131а",0.3905,sloc_01KSAHYDSBZ0GYCBDE4WP0D3KF,0.3153
130,JNK-фарм г.Алматы Серкебаева 136,Алматы,"Алматы, проспект Серкебаева, 136",1000,exact_name_address_city,true,sloc_01KSAHYDSKQ7YMYGKZ2MHBPFQY,JNK-фарм г.Алматы Серкебаева 136,Алматы,Серкебаева 136,1.24,sloc_01KSAHYDSHQ39HM780JTE0G1B8,0.8387
131,JNK-фарм г.Алматы Макатаева 45,Алматы,"Алматы, улица Макатаева, 45",1000,exact_name_address_city,true,sloc_01KSAHYDSKPTD3XC47HY0XXXK0,JNK-фарм г.Алматы Макатаева 45,Алматы,Макатаева 45,1.24,sloc_01KSAHYDSF8Y1F11YYDFQ37WME,0.8863
132,Ирбис Транс Систем Узынагаш толе би 51а Алм-ая область,Алматы,"Узынагаш, улица Толе би, 51а",3000,manual_review,true,sloc_01KSAHYDSNBG76BR23ZXSSN4DH,"Ирбис-Жер г. Алматы ,ул.Толе би д221",Алматы,ул.Толе би д221,0.4932,sloc_01KSAHYDSF5TFSDWEM4FSRNNPK,0.4708
133,Ирбис Транс Систем Жансугурова 118/2 Алм-ая область,Алматы,"Утеген батыр, улица Жансугурова, 118/2",3000,manual_review,true,sloc_01KSAHYDSFZRAEDKH18PXNM1A3,Ирбис Транс Систем г.Алматы Сауранбаева 14/2,Алматы,Сауранбаева 14/2,0.5056,sloc_01KSAHYDSNT6PYH1Q9N787XNR1,0.4945
134,JNK-фарм г.Алматы Дусейнова 25,Алматы,"Алматы, улица Дуйсенова, 25",1000,exact_name_correlated_address_city,true,sloc_01KSAHYDSJ86QD093P9SNPHC3K,JNK-фарм г.Алматы Дусейнова 25,Алматы,Дусейнова 25,1.1208,sloc_01KSAHYDSB2VEF2G8D1N5V0JP2,0.775
135,Ирбис Транс Систем Конаев мкр 4 д 30,Есик,"Конаев, 4-й микрорайон, 30",3000,manual_review,true,sloc_01KSAHYDSBCVDY9HEFWFXA2V9N,"Ирбис-Жер г. Есик, мкр.1, д.5",Есик,"мкр.1, д.5",0.3836,sloc_01KSBH8KZXDB4M31CRS77XCA48,0.3517
136,Ирбис Транс Систем г.Караганда Строителей 35,Караганда,"Караганда, проспект Строителей, 35",3000,exact_name_address_city,true,sloc_01KSAHYDSB1VQGF69RFKPJ91VP,Ирбис Транс Систем г.Караганда Строителей 35,Караганда,Строителей 35,1.24,sloc_01KSAHYDSE390M6GQM7ZKMHJD7,0.5126
137,Аспект-траст г.Алматы мкр.5 д.17,Алматы,"Алматы, 5-й микрорайон, 17",2000,exact_name_correlated_address_city,true,sloc_01KSAHYDSEJE2R40MWRJ2CCRGV,Аспект-траст г.Алматы мкр.5 д.17,Алматы,мкр.5 д.17,1.066,sloc_01KSAHYDSDDE9J82WTQNWRN4P1,0.6259
138,Ирбис Транс Систем г.Алматы Мамыр-1 д9/1,Алматы,"Алматы, микрорайон Мамыр-1, 9/1",3000,manual_review,true,sloc_01KSAHYDSEHZ1159YVM209DYT0,Ирбис Транс Систем г.Алматы Мамыр-1 д9/1,Алматы,Мамыр-1 д9/1,1.0596,sloc_01KSAHYDSNT6PYH1Q9N787XNR1,0.6416
139,JNK-фарм мкр.Водник Алатау 2 Алм-ая область,Алматы,"Боралдай, улица Алатау, 2",1000,manual_review,true,sloc_01KSAHYDSHYDSTEXJE7N11N89K,"JNK-фарм г.Алматы мкр. Орбита 2, 2",Алматы,"мкр. Орбита 2, 2",0.5716,sloc_01KSAHYDSPC7GM1YAJNNT43TTQ,0.4861
140,Ирбис Транс Систем г.Талдыкорган Каратал 36/27,Талдыкорган,"Талдыкорган, микрорайон Каратал, 36",3000,manual_review,true,sloc_01KSAHYDSE4ZXZ8SQ93C8X6WAW,Ирбис Транс Систем г.Талдыкорган Каратал 36/27,Талдыкорган,Каратал 36/27,1.0187,sloc_01KSAHYDSEJVZ3X763FE0TZ6FS,0.6909
141,Ирбис Транс Систем г.Талдыкорган Биржан сала 102,Талдыкорган,"Талдыкорган, улица Биржан Сала, 102",3000,exact_name_address_city,true,sloc_01KSAHYDSDZ92Y5ZNEQWXVEY4Y,Ирбис Транс Систем г.Талдыкорган Биржан сала 102,Талдыкорган,Биржан сала 102,1.24,sloc_01KSAHYDSEX02JFTQ6A1MAGP1H,0.8257
142,Ирбис Транс Систем г.Талдыкорган Назарбаева 137,Талдыкорган,"Талдыкорган, проспект Нурсултана Назарбаева, 137",3000,exact_name_correlated_address_city,true,sloc_01KSAHYDSEJVZ3X763FE0TZ6FS,Ирбис Транс Систем г.Талдыкорган Назарбаева 137,Талдыкорган,Назарбаева 137,1.0274,sloc_01KSAHYDSCJ0FAKNTKT16Z0X8X,0.6742
143,Ирбис Транс Систем г.Талдыкорган Жансугурова 100,Талдыкорган,"Талдыкорган, И. Жансугурова, 100",3000,exact_name_correlated_address_city,true,sloc_01KSAHYDSC85TFA8AFMC3TDRNZ,Ирбис Транс Систем г.Талдыкорган Жансугурова 100,Талдыкорган,Жансугурова 100,1.1306,sloc_01KSAHYDSEX02JFTQ6A1MAGP1H,0.9302
144,Ирбис Транс Систем г.Талдыкорган Молодежный 21,Талдыкорган,"Талдыкорган, микрорайон Жастар, 21а",3000,manual_review,true,sloc_01KSAHYDSDDSHDDVZG4DVTCC8V,Ирбис Транс Систем г.Талдыкорган Молодежный 21,Талдыкорган,Молодежный 21,0.7735,sloc_01KSAHYDSC85TFA8AFMC3TDRNZ,0.6316
145,Ирбис Транс Систем г.Талдыкорган Молодежный 35/24,Талдыкорган,"Талдыкорган, микрорайон Жастар, 35",3000,manual_review,true,sloc_01KSAHYDSCPDM5HR1G4HH6Z36V,Ирбис Транс Систем г.Талдыкорган Молодежный 35/24,Талдыкорган,Молодежный 35/24,0.7604,sloc_01KSAHYDSE4ZXZ8SQ93C8X6WAW,0.6376
146,Ирбис Транс Систем г.Талдыкорган Молодежный 40/52,Талдыкорган,"Талдыкорган, микрорайон Жастар, 40",3000,manual_review,true,sloc_01KSAHYDSE1SRG3AQVGGZQHW92,Ирбис Транс Систем г.Талдыкорган Молодежный 40/52,Талдыкорган,Молодежный 40/52,0.7604,sloc_01KSAHYDSDZ92Y5ZNEQWXVEY4Y,0.6393
147,Ирбис Транс Систем г.Талдыкорган Кабанбай батыра 66/1,Талдыкорган,"Талдыкорган, улица Кабанбай батыра, 66",3000,manual_review,true,sloc_01KSAHYDSCEGGQPKVQBGA4BR27,Ирбис Транс Систем г.Талдыкорган Кабанбай батыра 66/1,Талдыкорган,Кабанбай батыра 66/1,1.0553,sloc_01KSAHYDS9GQFRS7VH7VH5RV63,0.9535
148,Ирбис Транс Систем Жаркент Юлдашева 13/1,Есик,"Жаркент, улица Юлдашева, 13",3000,manual_review,true,sloc_01KSBH8KZXDB4M31CRS77XCA48,"Ирбис-Жер г.Есик с.Кендала, ул. Смыкова 131а",Есик,"с.Кендала, ул. Смыкова 131а",0.4878,sloc_01KSAHYDSBZ0GYCBDE4WP0D3KF,0.3568
149,Ирбис Транс Систем п.Сарозек Мадибекулы закрыта,Талдыкорган,,3000,closed_source_review,true,sloc_01KSAHYDSDDSHDDVZG4DVTCC8V,Ирбис Транс Систем г.Талдыкорган Молодежный 21,Талдыкорган,Молодежный 21,0.3914,sloc_01KSAHYDSCPDM5HR1G4HH6Z36V,0.3792
150,Ирбис Транс Систем г.Талдыкорган Жансугурова 102,Талдыкорган,"Талдыкорган, И. Жансугурова, 102",3000,exact_name_correlated_address_city,true,sloc_01KSAHYDSEX02JFTQ6A1MAGP1H,Ирбис Транс Систем г.Талдыкорган Жансугурова 102,Талдыкорган,Жансугурова 102,1.1306,sloc_01KSAHYDSC85TFA8AFMC3TDRNZ,0.9302
151,JNK-фарм г.Алматы Желтоксан 88,Алматы,"Алматы, улица Желтоксан, 88",1000,exact_name_address_city,true,sloc_01KSAHYDSDE11YKKT9RB4WZ752,JNK-фарм г.Алматы Желтоксан 88,Алматы,Желтоксан 88,1.24,sloc_01KSAHYDSDJWP7BV5JHWK2QANB,0.8402
152,Ирбис Транс Систем г.Талдыкорган Кабанбай батыра 62,Талдыкорган,"Талдыкорган, улица Кабанбай батыра, 62",3000,exact_name_address_city,true,sloc_01KSAHYDS9GQFRS7VH7VH5RV63,Ирбис Транс Систем г.Талдыкорган Кабанбай батыра 62,Талдыкорган,Кабанбай батыра 62,1.24,sloc_01KSAHYDSCEGGQPKVQBGA4BR27,0.9301
153,Ирбис Транс Систем г.Талдыкорган Ш.Уалиханова 206,Талдыкорган,"Талдыкорган, улица Шокана Уалиханова, 206",3000,exact_name_correlated_address_city,true,sloc_01KSAHYDSFJGMSGN3XYG11V74Z,Ирбис Транс Систем г.Талдыкорган Ш.Уалиханова 206,Талдыкорган,Ш.Уалиханова 206,1.0965,sloc_01KSAHYDSG87C8YENQEYYHAB70,0.682
154,Аспект-траст Боролдай Барыс 117 Алм-ая область,Алматы,"Алматы, микрорайон Бурундай, улица Барыс, 117",2000,manual_review,true,sloc_01KSAHYDSH9F4R6HZC1XHMVV9S,Аспект-траст г.Алматы Кабанбай батыра 199,Алматы,Кабанбай батыра 199,0.5221,sloc_01KSAHYDSFQ3P0QKXNMPEDJS80,0.4824
155,Ирбис Транс Систем Алтын Адам 140 Алм-ая область,Есик,"Есик, улица Алтын Адам, 140",3000,manual_review,true,sloc_01KSBH8KZXDB4M31CRS77XCA48,"Ирбис-Жер г.Есик с.Кендала, ул. Смыкова 131а",Есик,"с.Кендала, ул. Смыкова 131а",0.3569,sloc_01KSAHYDSBZ0GYCBDE4WP0D3KF,0.2942
156,"ТОО ""Tengripharm"" г.Астана Толе Би 46 нп 5",Астана,"Астана, улица Толе би, 46",5000,manual_review,true,sloc_01KSAHYDSD2V1WWZ1EKPNY3W70,"ТОО ""Tengripharm"" г.Астана Толе Би 46 нп 5",Астана,Толе Би 46 нп 5,0.986,sloc_01KSAHYDSGR928GBDSHNFDHM35,0.6256
157,"ТОО ""Tengripharm"" г.Астана Туркестан 10",Астана,"Астана, улица Туркестан, 10",5000,exact_name_address_city,true,sloc_01KSAHYDSKZ833BF6DPFT9V7T0,"ТОО ""Tengripharm"" г.Астана Туркестан 10",Астана,Туркестан 10,1.24,sloc_01KSAHYDSD7SWG70WH63QJW6MJ,0.8061
158,Ирбис Транс Систем Конаев мкр 3 д 8/3,Есик,"Конаев, 3-й микрорайон, 8/3",3000,manual_review,true,sloc_01KSAHYDSBCVDY9HEFWFXA2V9N,"Ирбис-Жер г. Есик, мкр.1, д.5",Есик,"мкр.1, д.5",0.375,sloc_01KSBH8KZXDB4M31CRS77XCA48,0.3452
159,Ирбис Транс Систем г.Уральск Карбышева 62,Уральск,"Уральск, улица Карбышева, 62",3000,exact_name_address_city,true,sloc_01KSAHYDSGEYADNWWS802D04HP,Ирбис Транс Систем г.Уральск Карбышева 62,Уральск,Карбышева 62,1.24,sloc_01KSAHYDSMSQM8C9ETNRVB2CQC,0.6917
160,"Ирбис Транс Систем г.Алматы мкр.Жетысу, дом 4/1",Алматы,"Алматы, микрорайон Жетысу-4, 1",3000,manual_review,true,sloc_01KSAHYDSCVWBB8PHRZ6HM2ACJ,"Ирбис Транс Систем г.Алматы мкр.Жетысу, дом 4/1",Алматы,"мкр.Жетысу, дом 4/1",1.033,ph_6582f9ff,0.663
161,"ТОО ""Tengripharm"" г.Астана Валиханова 27",Астана,"Астана, улица Шокана Уалиханова, 27",5000,exact_name_correlated_address_city,true,sloc_01KSAHYDSFWZE4ZKY2D6587DG6,"ТОО ""Tengripharm"" г.Астана Валиханова 27",Астана,Валиханова 27,1.0318,sloc_01KSAHYDSFD89ARBES8QHX115C,0.807
162,"ТОО ""Tengripharm"" г.Астана Туран 55/10",Астана,"Астана, проспект Туран, 55/10",5000,exact_name_address_city,true,sloc_01KSAHYDSD7SWG70WH63QJW6MJ,"ТОО ""Tengripharm"" г.Астана Туран 55/10",Астана,Туран 55/10,1.24,sloc_01KSAHYDSKZ833BF6DPFT9V7T0,0.8061
163,"Ирбис Транс Систем Ыбырай Алтынсарин (Жаужурек), 13 Алм-ая область",Алматы,"Боралдай, улица Жаужурек, 1",3000,manual_review,true,sloc_01KSAHYDSA3EW56H3A24VQ9NGR,Ирбис Транс Систем г.Алматы Раймбека 100,Алматы,Раймбека 100,0.4798,sloc_01KSAHYDSP8TJQ6DM5RQQRKDXQ,0.4475
164,Ирбис Транс Систем г.Алматы Талант 31Б/1,Алматы,"Алматы, улица Талант, 31Б/1",3000,exact_name_address_city,true,sloc_01KSAHYDSNT6PYH1Q9N787XNR1,Ирбис Транс Систем г.Алматы Талант 31Б/1,Алматы,Талант 31Б/1,1.24,sloc_01KSAHYDSDTRBB3MMSPP6DK8ZY,0.6705
165,Ирбис Транс Систем Водник 1.1а Алм-ая область,Алматы,"Боралдай, микрорайон Водник 1, 1а",3000,manual_review,true,sloc_01KSAHYDSNT6PYH1Q9N787XNR1,Ирбис Транс Систем г.Алматы Талант 31Б/1,Алматы,Талант 31Б/1,0.5254,sloc_01KSAHYDSF5TFSDWEM4FSRNNPK,0.4923
166,Ирбис Транс Систем г.Алматы Гагарина 12,Алматы,"Утеген батыр, улица Гагарина, 12",3000,manual_review,true,sloc_01KSAHYDSP8TJQ6DM5RQQRKDXQ,Ирбис Транс Систем г.Алматы Гагарина 12,Алматы,Гагарина 12,0.9854,sloc_01KSAHYDSDTRBB3MMSPP6DK8ZY,0.7216
167,Ирбис Транс Систем г.Алматы Сауранбаева 14/2 закрыта,Алматы,"Алматы, улица Тлеуберды Сауранбаева, 14/2",3000,closed_source_review,true,sloc_01KSAHYDSFZRAEDKH18PXNM1A3,Ирбис Транс Систем г.Алматы Сауранбаева 14/2,Алматы,Сауранбаева 14/2,0.9239,sloc_01KSAHYDSE0QVJKACJ80FCCN52,0.6386
168,Ирбис Транс Систем г.Уральск пр.Абая 88,Уральск,"Уральск, проспект Абая, 88",3000,exact_name_address_city,true,sloc_01KSAHYDSPK4AYWV4C64P4XS1D,Ирбис Транс Систем г.Уральск пр.Абая 88,Уральск,пр.Абая 88,1.24,sloc_01KSAHYDSPNCGYJCZ0K80TK01J,0.772
169,"ТОО ""Tengripharm"" г.Астана Абылай хана 58",Астана,"Астана, проспект Абылай хана, 58",5000,exact_name_address_city,true,sloc_01KSAHYDSBZDRC828M4VV8RMZ4,"ТОО ""Tengripharm"" г.Астана Абылай хана 58",Астана,Абылай хана 58,1.24,sloc_01KSAHYDSD96YH17NZ08YHA8SS,0.8871
170,"ТОО ""Tengripharm"" г.Астана Иманова 42",Астана,"Астана, Амангельды Иманова улица, 42",5000,manual_review,true,sloc_01KSAHYDSA8XH6RQASAX51V9K5,"ТОО ""Tengripharm"" г.Астана Иманова 42",Астана,Иманова 42,0.9932,sloc_01KSAHYDSFWZE4ZKY2D6587DG6,0.7556
171,Ирбис Транс Систем г.Уральск ул. Курмангазы 210,Уральск,"Уральск, улица Курмангазы, 210",3000,exact_name_address_city,true,sloc_01KSAHYDSEXZH2EY4HFS11XXTE,Ирбис Транс Систем г.Уральск ул. Курмангазы 210,Уральск,ул. Курмангазы 210,1.24,sloc_01KSBH8M00W3X79X0DMBMYA3MC,0.7248
172,"ТОО ""Tengripharm"" г.Астана Кенесары 45",Астана,"Астана, улица Кенесары, 45",5000,exact_name_address_city,true,sloc_01KSAHYDSE7JSQ53WJN8EFFSQS,"ТОО ""Tengripharm"" г.Астана Кенесары 45",Астана,Кенесары 45,1.24,sloc_01KSAHYDSC3Y6V37GB3FYPHQFP,0.9702
173,Ирбис Транс Систем г.Актау ж/м Маржан у.Арай 2/3,Актау,"Баскудык, улица Арай, 2/3",3000,manual_review,true,sloc_01KSAHYDSDGWMJX6AKVVZSYXXR,Ирбис Транс Систем г.Актау ж/м Маржан у.Арай 2/3,Актау,ж/м Маржан у.Арай 2/3,0.9621,sloc_01KSAHYDSBJQ6NQDQGPYRWJB46,0.5445
174,"ТОО ""Tengripharm"" г.Астана Кенесары 4",Астана,"Астана, улица Кенесары, 4",5000,exact_name_address_city,true,sloc_01KSAHYDSC3Y6V37GB3FYPHQFP,"ТОО ""Tengripharm"" г.Астана Кенесары 4",Астана,Кенесары 4,1.24,sloc_01KSAHYDSE7JSQ53WJN8EFFSQS,0.9702
175,Ирбис Транс Систем г.Уральск Кадыр Мырза Али д30/2 н.п,Уральск,"Уральск, 5-й микрорайон, 30/2",3000,manual_review,true,sloc_01KSAHYDSF32D8AA80FJKDFH39,Ирбис Транс Систем г.Уральск Кадыр Мырза Али д30/2 н.п,Уральск,Кадыр Мырза Али д30/2 н.п,0.7809,sloc_01KSAHYDSPNCGYJCZ0K80TK01J,0.504
176,Ирбис Транс Систем ул. Алмерек Абыз 131 А Алм-ая область,Есик,"Байтерек, улица Алмерек Абыз, 131а",3000,manual_review,true,sloc_01KSBH8KZXDB4M31CRS77XCA48,"Ирбис-Жер г.Есик с.Кендала, ул. Смыкова 131а",Есик,"с.Кендала, ул. Смыкова 131а",0.514,sloc_01KSAHYDSBZ0GYCBDE4WP0D3KF,0.3028
177,Ирбис Транс Систем  ул. Байболова д 111 Алм-ая область,Есик,"Байдибек би, Байболова, 111",3000,manual_review,true,sloc_01KSBH8KZXDB4M31CRS77XCA48,"Ирбис-Жер г.Есик с.Кендала, ул. Смыкова 131а",Есик,"с.Кендала, ул. Смыкова 131а",0.3968,sloc_01KSAHYDSBZ0GYCBDE4WP0D3KF,0.3401
178,Ирбис Транс Систем г.Актау 29 мкр 15 д. 102к,Актау,"Актау, 29-й микрорайон, 15",3000,manual_review,true,sloc_01KSAHYDSAQFPX3YGBNMNT4BX6,Ирбис Транс Систем г.Актау 29 мкр 15 д. 102к,Актау,29 мкр 15 д. 102к,0.8865,sloc_01KSAHYDSEG7VVP8M5GD26VFXQ,0.7176
179,Ирбис Транс Систем г.Талдыкорган Карабулак Болашак 25\1,Талдыкорган,"Талдыкорган, микрорайон Болашак, 25/1",3000,exact_name_correlated_address_city,true,sloc_01KSAHYDSCAYVTYAZKK39RNJ9X,Ирбис Транс Систем г.Талдыкорган Карабулак Болашак 25\1,Талдыкорган,Карабулак Болашак 25\1,1.0218,sloc_01KSAHYDSDDSHDDVZG4DVTCC8V,0.5868
180,"Ирбис Транс Систем г.Актау  Атамекен улица Шуак, 1/4",Актау,"Атамекен, улица Шуак, 1/4",3000,exact_name_address_city,true,sloc_01KSAHYDSBJQ6NQDQGPYRWJB46,"Ирбис Транс Систем г.Актау Атамекен улица Шуак, 1/4",Актау,"Атамекен улица Шуак, 1/4",1.24,sloc_01KSAHYDSDGWMJX6AKVVZSYXXR,0.5765
181,Ирбис Транс Систем г.Актау 16 мкр. ТРК,Актау,"Актау, 16-й микрорайон, 4",3000,manual_review,true,sloc_01KSAHYDSHYBJATZW0BV5PCWYS,Ирбис Транс Систем г.Актау 16 мкр. ТРК,Актау,16 мкр. ТРК,0.845,sloc_01KSBH8M07KJJ86Q6AW93ZXVXY,0.7077
182,Ирбис Транс Систем г.Актау с. Каламкас ТД Рахат,Актау,"Атамекен, жилмассив Каламкас, 358/2",3000,manual_review,true,sloc_01KSAHYDSAH4YTVSWDDB166ZV2,Ирбис Транс Систем г.Актау с. Каламкас ТД Рахат,Актау,с. Каламкас ТД Рахат,0.8088,sloc_01KSAHYDSBJQ6NQDQGPYRWJB46,0.601
183,"JNK-фарм г. Алматы. мкр.Акбулак, ул Байтерекова",Алматы,"Алматы, улица Байтерекова, 43/2",1000,manual_review,true,sloc_01KSAHYDSH90XJ3R3HY8DHNZ40,"JNK-фарм г. Алматы. мкр.Акбулак, ул Байтерекова",Алматы,"мкр.Акбулак, ул Байтерекова",0.9054,sloc_01KSAHYDSMZ9GVAP499G242TB2,0.7178
184,"Ирбис Транс Систем г.Актау мкр. 31б д.30, н.п 4",Актау,"Актау, 31Б микрорайон, 30",3000,manual_review,true,sloc_01KSAHYDSFB2R6A5M17ZZ94VZB,"Ирбис Транс Систем г.Актау мкр. 31б д.30, н.п 4",Актау,"мкр. 31б д.30, н.п 4",0.9233,sloc_01KSAHYDSJAKHSS3JSW8JRDFZ8,0.6179
185,"Ирбис Транс Систем г.Актау с.Акшукур, ул. Б. Сарсенов у.14/2",Актау,"Акшукур, улица Сарсенов, 14/2",3000,exact_name_correlated_address_city,true,sloc_01KSAHYDSBFD0QFASD120R25Z7,"Ирбис Транс Систем г.Актау с.Акшукур, ул. Б. Сарсенов у.14/2",Актау,"с.Акшукур, ул. Б. Сарсенов у.14/2",1.1013,sloc_01KSAHYDSASP464P166S7K1VKT,0.5001
186,"Ирбис Транс Систем г.Актау мкр. 12, д.1 кв.2",Актау,"Актау, 12-й микрорайон, 1",3000,manual_review,true,sloc_01KSAHYDSASP464P166S7K1VKT,"Ирбис Транс Систем г.Актау мкр. 12, д.1 кв.2",Актау,"мкр. 12, д.1 кв.2",0.8607,sloc_01KSAHYDSEG7VVP8M5GD26VFXQ,0.7666
187,"Ирбис Транс Систем г.Актау мкр. 28, д.2 кв.22",Актау,"Актау, 28-й микрорайон, 2",3000,manual_review,true,sloc_01KSAHYDSBK8NS212KYXT4TMBG,"Ирбис Транс Систем г.Актау мкр. 28, д.2 кв.22",Актау,"мкр. 28, д.2 кв.22",0.9037,sloc_01KSAHYDSASP464P166S7K1VKT,0.7495
188,"Ирбис Транс Систем г.Актау мкр. 5, д.7 кв.27",Актау,"Актау, 5-й микрорайон, 7",3000,manual_review,true,sloc_01KSAHYDSF89VJHFC9GT67JRN0,"Ирбис Транс Систем г.Актау мкр. 5, д.7 кв.27",Актау,"мкр. 5, д.7 кв.27",0.8786,sloc_01KSAHYDSASP464P166S7K1VKT,0.6264
189,"Ирбис Транс Систем г.Актау мкр. 1, д.2 кв.5",Актау,"Актау, 1-й микрорайон, 2",3000,manual_review,true,sloc_01KSAHYDSEG7VVP8M5GD26VFXQ,"Ирбис Транс Систем г.Актау мкр. 1, д.2 кв.5",Актау,"мкр. 1, д.2 кв.5",0.8269,sloc_01KSAHYDSASP464P166S7K1VKT,0.7666
190,"Ирбис Транс Систем г.Актау мкр. 7, зд 28/1",Актау,"Актау, 7-й микрорайон, 28/1",3000,exact_name_correlated_address_city,true,sloc_01KSAHYDSFTPQA60MPWY885Q2N,"Ирбис Транс Систем г.Актау мкр. 7, зд 28/1",Актау,"мкр. 7, зд 28/1",1.0929,sloc_01KSAHYDSK0RCXAJPA7HQFYNCH,0.7062
191,"Ирбис Транс Систем г.Актау мкр. 14, ТЦ Астана",Актау,"Актау, 14-й микрорайон, 100",3000,manual_review,true,sloc_01KSAHYDSE9P9CNDQ3ZE2Z4Z3B,"Ирбис Транс Систем г.Актау мкр. 14, ТЦ Астана",Актау,"мкр. 14, ТЦ Астана",0.798,sloc_01KSBH8M07KJJ86Q6AW93ZXVXY,0.6926
192,"Ирбис Транс Систем г.Актау мкр. Шыгыс-2, з. 250",Актау,"Актау, микрорайон Шыгыс 2, 250/1",3000,manual_review,true,sloc_01KSAHYDSCZPVP3XCVW3PVTBKF,"Ирбис Транс Систем г.Актау мкр. Шыгыс-2, з. 250",Актау,"мкр. Шыгыс-2, з. 250",1.0077,sloc_01KSAHYDSEG7VVP8M5GD26VFXQ,0.628
193,"Ирбис Транс Систем Актау 33-й мкр., ГП ДИНА Закрыта",Актау,,3000,closed_source_review,true,sloc_01KSBH8M075A0WRTF1SXT6XPFY,"Ирбис Транс Систем г.Актау 27-й мкр., ТРЦ Байтерек закрыта",Актау,"27-й мкр., ТРЦ Байтерек закрыта",0.52,sloc_01KSAHYDSJVBH0GFFZPKQF2PV1,0.4894
194,"ТОО ""Tengripharm"" г.Астана Багланова 6",Астана,"Астана, улица Розы Баглановой, 6/3",5000,manual_review,true,sloc_01KSAHYDSFMXRPSPPHV0JH71EX,"ТОО ""Tengripharm"" г.Астана Багланова 6",Астана,Багланова 6,0.9233,sloc_01KSAHYDSFWZE4ZKY2D6587DG6,0.6783
195,Ирбис Транс Систем г.Талдыкорган Карабулак Алдабергенова 76,Талдыкорган,"Карабулак, улица Алдабергенова, 76",3000,exact_name_address_city,true,sloc_01KSAHYDSG87C8YENQEYYHAB70,Ирбис Транс Систем г.Талдыкорган Карабулак Алдабергенова 76,Талдыкорган,Карабулак Алдабергенова 76,1.24,sloc_01KSAHYDSCAYVTYAZKK39RNJ9X,0.6823
196,JNK-фарм г. Алматы. мкр.Самал 2 дом 105,Алматы,"Алматы, микрорайон Самал-2, 105",1000,exact_name_address_city,true,sloc_01KSAHYDSMPG5DCG9JBFW0Q4ZZ,JNK-фарм г. Алматы. мкр.Самал 2 дом 105,Алматы,мкр.Самал 2 дом 105,1.24,sloc_01KSAHYDSDNQ67QVSBARDN1CXJ,0.7177
197,"Ирбис Транс Систем г.Актау 27-й мкр., ТРЦ Байтерек закрыта",Актау,,3000,closed_source_review,true,sloc_01KSBH8M075A0WRTF1SXT6XPFY,"Ирбис Транс Систем г.Актау 27-й мкр., ТРЦ Байтерек закрыта",Актау,"27-й мкр., ТРЦ Байтерек закрыта",0.73,sloc_01KSAHYDSHYBJATZW0BV5PCWYS,0.4892
198,"ТОО ""Tengripharm"" г.Астана Айтматова 60",Астана,"Астана, улица Чингиз Айтматов, 60",5000,exact_name_correlated_address_city,true,sloc_01KSAHYDSE0X11YTHQH1YARX46,"ТОО ""Tengripharm"" г.Астана Айтматова 60",Астана,Айтматова 60,1.0347,sloc_01KSAHYDSA8XH6RQASAX51V9K5,0.6578
199,"ТОО ""Tengripharm"" г.Астана Ул. Достык 8",Астана,"Астана, улица Достык, 8",5000,exact_name_address_city,true,sloc_01KSAHYDSFJ158R9373V347B4J,"ТОО ""Tengripharm"" г.Астана Ул. Достык 8",Астана,Ул. Достык 8,1.24,sloc_01KSAHYDSAVSX7AAWVDB7PQYVF,0.6196
200,Ирбис Транс Систем г.Актау 26 мкр ТД Достык,Актау,"Актау, 26-й микрорайон, 25",3000,manual_review,true,sloc_01KSAHYDSNQ3PTQB3EBW6VFWK2,Ирбис Транс Систем г.Актау 26 мкр ТД Достык,Актау,26 мкр ТД Достык,0.8079,sloc_01KSAHYDSAQFPX3YGBNMNT4BX6,0.6649
201,Аспект-траст Алматы Мкр. Ерменсай ул Арайлы дом2 Закрыта,Алматы,,2000,closed_source_review,true,sloc_01KSBH8M03MFBQMB6WNKTK217C,Аспект-траст г.Алматы Тимирязева 59 закрыта,Алматы,Тимирязева 59 закрыта,0.4112,sloc_01KSAHYDSEJE2R40MWRJ2CCRGV,0.4034
202,"ТОО ""Tengripharm"" г.Астана ул.Бокейхана 11",Астана,"Астана, улица Бокейхана, 11",5000,exact_name_address_city,true,sloc_01KSAHYDSF4KPET6QWPW4Y2BZB,"ТОО ""Tengripharm"" г.Астана ул.Бокейхана 11",Астана,ул.Бокейхана 11,1.24,sloc_01KSAHYDSF9QPWYQNB2QB0HZSZ,0.7546
203,"ТОО ""Tengripharm"" г.Астана ул.Абылай Хана 21 закрыта",Астана,"Астана, проспект Абылай хана, 21",5000,closed_source_review,true,sloc_01KSAHYDSF9QPWYQNB2QB0HZSZ,"ТОО ""Tengripharm"" г.Астана ул.Абылай Хана 21",Астана,ул.Абылай Хана 21,1.1139,sloc_01KSAHYDSD96YH17NZ08YHA8SS,0.9088
204,"Ирбис Транс Систем г.Талгар, ул. Кунаева 97А",Есик,"Талгар, улица Кунаева, 97а",3000,manual_review,true,sloc_01KSBH8KZXDB4M31CRS77XCA48,"Ирбис-Жер г.Есик с.Кендала, ул. Смыкова 131а",Есик,"с.Кендала, ул. Смыкова 131а",0.4891,sloc_01KSAHYDSBZ0GYCBDE4WP0D3KF,0.4476
205,Ирбис Транс Систем г.Кунаева микрорайон 5 участок 23/1,Есик,"Конаев, 5-й микрорайон, 23/1",3000,manual_review,true,sloc_01KSAHYDSBCVDY9HEFWFXA2V9N,"Ирбис-Жер г. Есик, мкр.1, д.5",Есик,"мкр.1, д.5",0.3297,sloc_01KSBH8KZXDB4M31CRS77XCA48,0.3291
206,"ТОО ""Tengripharm"" г.Астана, ул. Улы-дала 41",Астана,"Астана, проспект Улы Дала, 41в",5000,manual_review,true,sloc_01KSAHYDSF39VQW1C7F39PZG12,"ТОО ""Tengripharm"" г.Астана, ул. Улы-дала 41",Астана,ул. Улы-дала 41,1.0596,sloc_01KSAHYDSHJX6JD8RFGKZY7W30,0.8795
207,Ирбис Транс Систем с.Панфилова ул Кулжа д 59 Алм-ая область,Есик,"Панфилов, улица Кулжа, 59",3000,manual_review,true,sloc_01KSBH8KZXDB4M31CRS77XCA48,"Ирбис-Жер г.Есик с.Кендала, ул. Смыкова 131а",Есик,"с.Кендала, ул. Смыкова 131а",0.3965,sloc_01KSAHYDSBZ0GYCBDE4WP0D3KF,0.3536
208,Ирбис Транс Систем г.Актобе Абая 21,Актобе,"Актобе, проспект Абая, 21",3000,exact_name_address_city,true,sloc_01KSAHYDSNXHZ83GZBNEKBXBKT,Ирбис Транс Систем г.Актобе Абая 21,Актобе,Абая 21,1.24,sloc_01KSAHYDSHHHGVDGWFAF8GM8YG,0.7184
209,Ирбис Транс Систем г.Актобе мкр.11 д.19,Актобе,"Актобе, 11-й микрорайон, 19",3000,exact_name_correlated_address_city,true,sloc_01KSAHYDSM4MQY9PJJ70Z8N7AE,Ирбис Транс Систем г.Актобе мкр.11 д.19,Актобе,мкр.11 д.19,1.0817,sloc_01KSAHYDSNXHZ83GZBNEKBXBKT,0.4969
210,"Ирбис Транс Систем г.Актобе л.Набережная, 82",Актобе,"Актобе, улица Набережная, 82",3000,exact_name_correlated_address_city,true,sloc_01KSAHYDSHHHGVDGWFAF8GM8YG,"Ирбис Транс Систем г.Актобе л.Набережная, 82",Актобе,"л.Набережная, 82",1.1264,sloc_01KSAHYDSNXHZ83GZBNEKBXBKT,0.7441
211,"Ирбис Транс Систем г.Уральск, ул.Назарбаева, 185",Уральск,"Уральск, проспект Нурсултана Назарбаева, 185/2",3000,manual_review,true,sloc_01KSAHYDSMSQM8C9ETNRVB2CQC,"Ирбис Транс Систем г.Уральск, ул.Назарбаева, 185",Уральск,"ул.Назарбаева, 185",0.931,sloc_01KSBH8KZZWYXRD22NJWGE51RE,0.6966
212,JNK-фарм Караганда ул.Лободы 36 Закрыта,Алматы,,1000,closed_source_review,true,sloc_01KSBRMS3A607H4YXF4K3YNH22,Курмет-Фарм г.Алматы ул.Манаса 57 ЗАКРЫТА,Алматы,ул.Манаса 57 ЗАКРЫТА,0.3413,sloc_01KSAHYDSBXV774MJ1VD1TW8F5,0.3205
213,"Ирбис Транс Систем г.Актау, мкр 9, д.4",Актау,"Актау, 9-й микрорайон, 4",3000,exact_name_correlated_address_city,true,sloc_01KSAHYDSJVBH0GFFZPKQF2PV1,"Ирбис Транс Систем г.Актау, мкр 9, д.4",Актау,"мкр 9, д.4",1.0425,sloc_01KSAHYDSMNPZWF31XWC2YH1FE,0.6755
214,"ТОО ""Tengripharm"" г.Астана, ул. Асфендиярова, 5",Астана,"Астана, улица Санжара Асфендиярова, 5",5000,exact_name_correlated_address_city,true,sloc_01KSAHYDSG4RM5AWXQK7SKB0BD,"ТОО ""Tengripharm"" г.Астана, ул. Асфендиярова, 5",Астана,"ул. Асфендиярова, 5",1.0556,sloc_01KSAHYDSFD89ARBES8QHX115C,0.6506
215,"JNK-фарм г.Караганда, ул. Шахтеров 73",Караганда,"Караганда, проспект Шахтёров, 73/1",1000,manual_review,true,sloc_01KSAHYDSFTFDTS7Z9BZ280C2B,"JNK-фарм г.Караганда, ул. Шахтеров 73",Караганда,ул. Шахтеров 73,1.0408,sloc_01KSAHYDSF25JTR4RQDRVFXRFK,0.8762
216,"Ирбис Транс Систем г.Актау, мкр. 27, д.33",Актау,"Актау, 27-й микрорайон, 33",3000,exact_name_correlated_address_city,true,sloc_01KSAHYDSJAKHSS3JSW8JRDFZ8,"Ирбис Транс Систем г.Актау, мкр. 27, д.33",Актау,"мкр. 27, д.33",1.0817,sloc_01KSAHYDSHFMYCZF927WX0Q6WX,0.7652
217,"JNK-фарм г.Караганда, Таттимбета, 10",Караганда,"Караганда, улица Таттимбета, 10",1000,exact_name_address_city,true,sloc_01KSAHYDSH592DDW2AWPK2SPW0,"JNK-фарм г.Караганда, Таттимбета, 10",Караганда,"Таттимбета, 10",1.24,sloc_01KSAHYDSF3F4TDPSY537A3257,0.6686
218,"Ирбис Транс Систем г.Актау, мкр. 27, д.6",Актау,"Актау, 27-й микрорайон, 6",3000,exact_name_correlated_address_city,true,sloc_01KSAHYDSHFMYCZF927WX0Q6WX,"Ирбис Транс Систем г.Актау, мкр. 27, д.6",Актау,"мкр. 27, д.6",1.066,sloc_01KSAHYDSJAKHSS3JSW8JRDFZ8,0.7652
219,"JNK-фарм г.Караганда, Ашимова, 21а",Караганда,"Караганда, микрорайон Байкена Ашимова, 21 блок А",1000,manual_review,true,sloc_01KSAHYDSF3F4TDPSY537A3257,"JNK-фарм г.Караганда, Ашимова, 21а",Караганда,"Ашимова, 21а",0.8972,sloc_01KSAHYDSHBG00S5GPZRRP3AES,0.63
220,"Ирбис Транс Систем г.Актау, мкр. 30, д.181",Актау,"Актау, 30-й микрорайон, 181",3000,exact_name_correlated_address_city,true,sloc_01KSAHYDSM1PXMA47DF5TGRMBS,"Ирбис Транс Систем г.Актау, мкр. 30, д.181",Актау,"мкр. 30, д.181",1.0929,sloc_01KSBH8M07KJJ86Q6AW93ZXVXY,0.6477
221,"Ирбис Транс Систем г.Актобе, ул.Пацаева, 6",Актобе,"Актобе, улица Пацаева, 6",3000,exact_name_address_city,true,sloc_01KSAHYDSNMFZMZWYJRKRGGH2E,"Ирбис Транс Систем г.Актобе, ул.Пацаева, 6",Актобе,"ул.Пацаева, 6",1.24,sloc_01KSAHYDSKT1CKWHK0P7GPGE91,0.7004
222,"JNK-фарм г.Караганда, ул. Шахтеров, 68",Караганда,"Караганда, проспект Шахтёров, 68",1000,exact_name_address_city,true,sloc_01KSAHYDSGA3NRZ88PW8SRVT2N,"JNK-фарм г.Караганда, ул. Шахтеров, 68",Караганда,"ул. Шахтеров, 68",1.24,sloc_01KSAHYDSFTFDTS7Z9BZ280C2B,0.8843
223,"JNK-фарм г.Караганда, ул. Муканова, 53/8",Караганда,"Караганда, улица Муканова, 53/8",1000,exact_name_address_city,true,sloc_01KSAHYDS980CVEHPR4RR9STJ7,"JNK-фарм г.Караганда, ул. Муканова, 53/8",Караганда,"ул. Муканова, 53/8",1.24,sloc_01KSAHYDSHBG00S5GPZRRP3AES,0.8134
224,"Ирбис Транс Систем г.Актобе, ул.Оспанова, 54",Актобе,"Актобе, улица Марата Оспанова, 54",3000,exact_name_correlated_address_city,true,sloc_01KSAHYDSKT1CKWHK0P7GPGE91,"Ирбис Транс Систем г.Актобе, ул.Оспанова, 54",Актобе,"ул.Оспанова, 54",1.0466,sloc_01KSAHYDSNCA1F36D0WPFC2CQM,0.7063
225,"Ирбис Транс Систем г.Актобе, ул.Абилхайыр хана 64",Актобе,"Актобе, Проспект Абилкайыр-хана, 64/1",3000,manual_review,true,sloc_01KSAHYDSNY17YJD685RZ58TJ6,"Ирбис Транс Систем г.Актобе, ул.Абилхайыр хана 64",Актобе,ул.Абилхайыр хана 64,1.0278,sloc_01KSAHYDSHEW0740ERW0WDWDHG,0.6097
226,"ТОО ""Tengripharm"" г.Астана, ул. Момышулы, 16",Астана,"Астана, проспект Бауыржан Момышулы, 16",5000,exact_name_correlated_address_city,true,sloc_01KSAHYDSAG1H1JEG44G5CHAQY,"ТОО ""Tengripharm"" г.Астана, ул. Момышулы, 16",Астана,"ул. Момышулы, 16",1.0235,sloc_01KSAHYDSHV6GVPQR6XAQDPW32,0.6386
227,"ТОО ""Tengripharm"" г.Астана, ул. Сокпакбаева, 6",Астана,"Астана, улица Бердибек Сокпакбаев, 6",5000,exact_name_correlated_address_city,true,sloc_01KSAHYDS95829RCE3XPY7VREP,"ТОО ""Tengripharm"" г.Астана, ул. Сокпакбаева, 6",Астана,"ул. Сокпакбаева, 6",1.0218,sloc_01KSAHYDSG9WZ1TE8W2G1JVNS3,0.6755
228,"ТОО ""Tengripharm"" г.Астана,ул. Богенбай батыра, 39",Астана,"Астана, проспект Богенбай батыра, 39",5000,exact_name_address_city,true,sloc_01KSAHYDSHRWKGA556BD3PHCY1,"ТОО ""Tengripharm"" г.Астана,ул. Богенбай батыра, 39",Астана,"ул. Богенбай батыра, 39",1.24,sloc_01KSAHYDSF1KA2M4HFM1Z0R4A0,0.9247
229,"ТОО ""Tengripharm"" г.Астана,ул. Жиринтаева, 14",Астана,"Астана, улица Жанайдар Жирентаев, 14",5000,manual_review,true,sloc_01KSAHYDSFDJS0C0EMVRWJF2ZD,"ТОО ""Tengripharm"" г.Астана,ул. Жиринтаева, 14",Астана,"ул. Жиринтаева, 14",0.9941,sloc_01KSAHYDSG9WZ1TE8W2G1JVNS3,0.6628
230,"Ирбис Транс Систем г.Актобе,ул.Айтеки би 44/1",Актобе,"Актобе, улица Айтеке би, 44",3000,manual_review,true,sloc_01KSAHYDSHEW0740ERW0WDWDHG,"Ирбис Транс Систем г.Актобе,ул.Айтеки би 44/1",Актобе,ул.Айтеки би 44/1,1.0077,sloc_01KSAHYDSNY17YJD685RZ58TJ6,0.5724
231,Аспект-траст г.Алматы ул.Серкебаева 146,Алматы,"Алматы, проспект Гагарина, 310",2000,manual_review,true,ph_ff49afa8,Аспект-траст г.Алматы Гагарина 310,Алматы,Гагарина 310,1.0075,ph_598eb3fd,0.7692
232,"ТОО ""Tengripharm"" г.Астана, ул. Болекпаева, 16 закрыта",Астана,,5000,closed_source_review,true,sloc_01KSAHYDS95829RCE3XPY7VREP,"ТОО ""Tengripharm"" г.Астана, ул. Сокпакбаева, 6",Астана,"ул. Сокпакбаева, 6",0.5344,sloc_01KSBH8M08SJNS8KGMTHRQAVA0,0.52
233,"Ирбис Транс Систем г.Актобе ул.Богенбай батыра, 155",Актобе,"Актобе, улица Бокенбай батыра, 155/5",3000,manual_review,true,sloc_01KSAHYDSKV40MMSFVYZJR22D7,"Ирбис Транс Систем г.Актобе ул.Богенбай батыра, 155",Актобе,"ул.Богенбай батыра, 155",1.033,sloc_01KSAHYDSNY17YJD685RZ58TJ6,0.5842
234,"JNK-фарм г. Алматы, ул.Байтурсынова, 43",Алматы,"Алматы, улица Байтурсынова, 43",1000,exact_name_address_city,true,sloc_01KSAHYDSMZ9GVAP499G242TB2,"JNK-фарм г. Алматы, ул.Байтурсынова, 43",Алматы,"ул.Байтурсынова, 43",1.24,sloc_01KSAHYDSB5E4TBP0F1SX054CT,0.6305
235,"JNK-фарм г.Караганда, Пр.Шахтеров 36\2",Караганда,"Караганда, проспект Шахтёров, 36/2",1000,exact_name_address_city,true,sloc_01KSAHYDSF0V7V06FMDF2Z6950,"JNK-фарм г.Караганда, Пр.Шахтеров 36\2",Караганда,Пр.Шахтеров 36\2,1.24,sloc_01KSAHYDSFTFDTS7Z9BZ280C2B,0.8628
236,"Ирбис Транс Систем г.Актобе, ул.Шернияза 51",Актобе,"Актобе, улица Шернияза, 51",3000,exact_name_address_city,true,sloc_01KSAHYDSKC90BPGZFBT3JGJB7,"Ирбис Транс Систем г.Актобе, ул.Шернияза 51",Актобе,ул.Шернияза 51,1.24,sloc_01KSAHYDSNCA1F36D0WPFC2CQM,0.9246
237,"Ирбис Транс Систем г.Актау, мкр. 17 д. 23",Актау,"Актау, 17-й микрорайон, 23",3000,exact_name_correlated_address_city,true,sloc_01KSAHYDSK0RCXAJPA7HQFYNCH,"Ирбис Транс Систем г.Актау, мкр. 17 д. 23",Актау,мкр. 17 д. 23,1.0817,sloc_01KSAHYDSJAKHSS3JSW8JRDFZ8,0.7371
238,"JNK-фарм г.Караганда, Пр.Шахтеров 7a",Караганда,"Караганда, проспект Шахтёров, 7а",1000,manual_review,true,sloc_01KSAHYDSF25JTR4RQDRVFXRFK,"JNK-фарм г.Караганда, Пр.Шахтеров 7a",Караганда,Пр.Шахтеров 7a,1.0373,sloc_01KSAHYDSFTFDTS7Z9BZ280C2B,0.9118
239,"ТОО ""Tengripharm"" г.Астана, Кордай 79а",Астана,"Астана, улица Кордай, 79а",5000,exact_name_address_city,true,sloc_01KSAHYDSG7WH744KVC3PQ4T6J,"ТОО ""Tengripharm"" г.Астана, Кордай 79а",Астана,Кордай 79а,1.24,sloc_01KSAHYDSDC43NDWE7SF2XHAKC,0.6376
240,"ТОО ""Tengripharm"" г.Астана, ул.Букар Жырау 36",Астана,"Астана, Бухар жырау улица, 36",5000,exact_name_correlated_address_city,true,sloc_01KSAHYDSA37FKN6KJA3Q32N6H,"ТОО ""Tengripharm"" г.Астана, ул.Букар Жырау 36",Астана,ул.Букар Жырау 36,1.1264,sloc_01KSAHYDSHRWKGA556BD3PHCY1,0.6686
241,"ТОО ""Tengripharm"" г.Астана,ул.Мухаметжанова 8",Астана,"Астана, улица Кайым Мухамедханов, 8",5000,exact_name_correlated_address_city,true,sloc_01KSAHYDSAXJ41VZKKCRQC3M1M,"ТОО ""Tengripharm"" г.Астана,ул.Мухаметжанова 8",Астана,ул.Мухаметжанова 8,1.0123,sloc_01KSAHYDSGMQ19JJDPWG1PVXJG,0.8268
242,"ТОО ""Tengripharm"" г.Астана,Куиши Дина 12 закрыта",Астана,,5000,closed_source_review,true,sloc_01KSBH8M08SJNS8KGMTHRQAVA0,"ТОО ""Tengripharm"" г.Астана,Куиши Дина 12 закрыта",Астана,Куиши Дина 12 закрыта,0.73,sloc_01KSAHYDSFD89ARBES8QHX115C,0.4875
243,"ТОО ""Tengripharm"" г.Астана,ул. Есенберлина 18",Астана,"Астана, улица Илияса Есенберлина, 18",5000,exact_name_correlated_address_city,true,sloc_01KSAHYDSGF87TXSNSC351JMRD,"ТОО ""Tengripharm"" г.Астана,ул. Есенберлина 18",Астана,ул. Есенберлина 18,1.066,sloc_01KSAHYDSCWR1EEA1N8TMX9HKE,0.6724
244,"JNK-фарм г.Павлодар, Назарбаева 295\1",Павлодар,"Павлодар, проспект Нурсултана Назарбаева, 295/1",1000,exact_name_correlated_address_city,true,sloc_01KSBH8M009EMB857FHCT7QD4K,"JNK-фарм г.Павлодар, Назарбаева 295\1",Павлодар,Назарбаева 295\1,1.0398,sloc_01KSAHYDSGEDWP6T6YHREVH7G9,0.8125
245,"JNK-фарм г.Павлодар,Ул.Амангельды 19",Павлодар,"Павлодар, улица Амангельды, 19",1000,exact_name_address_city,true,sloc_01KSAHYDSG3QGGR4CFRBAFQ239,"JNK-фарм г.Павлодар,Ул.Амангельды 19",Павлодар,Ул.Амангельды 19,1.24,sloc_01KSAHYDSFMBABDFV5HXC2ZVN7,0.8074
246,"ТОО ""Tengripharm"" г.Астана ул.Сейфуллина 24",Астана,"Астана, улица Сакена Сейфуллина, 24",5000,exact_name_correlated_address_city,true,sloc_01KSAHYDSG37PTDDTM8M1P215J,"ТОО ""Tengripharm"" г.Астана ул.Сейфуллина 24",Астана,ул.Сейфуллина 24,1.0603,sloc_01KSAHYDSAX03MRR8ADEMC8AK1,0.8383
247,"JNK-фарм г.Павлодар,пр.Назарбаева 2",Павлодар,"Павлодар, проспект Нурсултана Назарбаева, 2",1000,exact_name_correlated_address_city,true,sloc_01KSAHYDSGYM347JD0REJ8P5J1,"JNK-фарм г.Павлодар,пр.Назарбаева 2",Павлодар,пр.Назарбаева 2,1.0123,sloc_01KSAHYDSGEDWP6T6YHREVH7G9,0.8122
248,"JNK-фарм г.Павлодар,ул.М.Горького 29",Павлодар,"Павлодар, улица Горького, 29",1000,exact_name_correlated_address_city,true,sloc_01KSAHYDSHFTEMA8RH0AJX5HNJ,"JNK-фарм г.Павлодар,ул.М.Горького 29",Павлодар,ул.М.Горького 29,1.1208,sloc_01KSAHYDSG0K6XV4H6VWHV4Z2P,0.8434
249,"ТОО ""Tengripharm"" г.Астана, ул.Бейбитшилик 50",Астана,"Астана, улица Бейбитшилик, 50",5000,exact_name_address_city,true,sloc_01KSAHYDSHZBS763PDB3V2B6N1,"ТОО ""Tengripharm"" г.Астана, ул.Бейбитшилик 50",Астана,ул.Бейбитшилик 50,1.24,sloc_01KSAHYDSF1KA2M4HFM1Z0R4A0,0.6272
250,JNK-фарм г.Павлодар ул.Ауэзова 21,Павлодар,"Аксу, улица Ауэзова, 21",1000,exact_name_correlated_address_city,true,sloc_01KSAHYDSG1NVMTRKVG1Z3DPVC,JNK-фарм г.Павлодар ул.Ауэзова 21,Павлодар,ул.Ауэзова 21,1.066,sloc_01KSAHYDSFHH3QKV5SAM9EP8E1,0.6961
251,"JNK-фарм г.Павлодар, Камзина 352",Павлодар,"Павлодар, улица Камзина, 352",1000,exact_name_address_city,true,sloc_01KSAHYDSJQ2Z1XENZB7R3YQ5A,"JNK-фарм г.Павлодар, Камзина 352",Павлодар,Камзина 352,1.24,sloc_01KSAHYDSFGJJPQ5JA33SK3M4M,0.8832
252,"JNK-фарм г.Павлодар, Ворушина 10",Павлодар,"Павлодар, улица Ворушина, 10",1000,exact_name_address_city,true,sloc_01KSAHYDSGW1MHE76KESFPZ792,"JNK-фарм г.Павлодар, Ворушина 10",Павлодар,Ворушина 10,1.24,sloc_01KSBH8M08DS7ADWHPN1ZSAP88,0.6628
253,"ТОО ""Tengripharm"" г.Астана, ул.Рыскулбекова 29",Астана,"Астана, улица Кайрат Рыскулбеков, 29",5000,exact_name_correlated_address_city,true,sloc_01KSAHYDSGKWW0WDJVXE3QD5GA,"ТОО ""Tengripharm"" г.Астана, ул.Рыскулбекова 29",Астана,ул.Рыскулбекова 29,1.0556,sloc_01KSAHYDSA4G7YBM6XRVQG8Z6V,0.6661
254,"ТОО ""Tengripharm"" г.Астана,ул.Байтурсынова 47",Астана,"Астана, улица Ахмет Байтурсынулы, 47",5000,exact_name_correlated_address_city,true,sloc_01KSAHYDSJGG2CE5C38W667FDZ,"ТОО ""Tengripharm"" г.Астана,ул.Байтурсынова 47",Астана,ул.Байтурсынова 47,1.0033,sloc_01KSAHYDSDC43NDWE7SF2XHAKC,0.6434
255,"JNK-фарм г.Павлодар, ул.Майры 43",Павлодар,"Павлодар, улица Майры, 43",1000,exact_name_address_city,true,sloc_01KSAHYDSFPAZEGAJ0A7BXVTGN,"JNK-фарм г.Павлодар, ул.Майры 43",Павлодар,ул.Майры 43,1.24,sloc_01KSAHYDSFMBABDFV5HXC2ZVN7,0.8483
256,"Ирбис Транс Систем г.Уральск,пр.Абая д 52/1,",Уральск,"Уральск, проспект Абая, 52/1",3000,exact_name_address_city,true,sloc_01KSAHYDSPNCGYJCZ0K80TK01J,"Ирбис Транс Систем г.Уральск,пр.Абая д 52/1,",Уральск,пр.Абая д 52/1,1.24,sloc_01KSAHYDSPK4AYWV4C64P4XS1D,0.772
257,"JNK-фарм г.Караганда Проспект Шахтёров, 20/1",Караганда,"Караганда, проспект Шахтёров, 20/4",1000,manual_review,true,sloc_01KSAHYDSFS94923T7QRNXC2Y4,"JNK-фарм г.Караганда Проспект Шахтёров, 20/1",Караганда,"Проспект Шахтёров, 20/1",1.0438,sloc_01KSAHYDSF0V7V06FMDF2Z6950,0.812
258,JNK-фарм г.Павлодар ул.Майры 19,Павлодар,"Павлодар, улица Майры, 19",1000,exact_name_address_city,true,sloc_01KSAHYDSFMBABDFV5HXC2ZVN7,JNK-фарм г.Павлодар ул.Майры 19,Павлодар,ул.Майры 19,1.24,sloc_01KSAHYDSFPAZEGAJ0A7BXVTGN,0.8483
259,JNK-фарм г.Павлодар Назарбаева 29,Павлодар,"Павлодар, проспект Нурсултана Назарбаева, 29",1000,exact_name_correlated_address_city,true,sloc_01KSAHYDSGEDWP6T6YHREVH7G9,JNK-фарм г.Павлодар Назарбаева 29,Павлодар,Назарбаева 29,1.0203,sloc_01KSBH8M009EMB857FHCT7QD4K,0.8125
260,JNK-фарм г.Павлодар Малайсары 4,Павлодар,"Павлодар, улица Малайсары батыра, 4",1000,exact_name_correlated_address_city,true,sloc_01KSAHYDSJ26WVMX2HHJ3BE9T9,JNK-фарм г.Павлодар Малайсары 4,Павлодар,Малайсары 4,1.0466,sloc_01KSAHYDSK2K346HCPVKBYHVG3,0.8856
261,JNK-фарм г.Павлодар Проезд 1 строение 7\3,Павлодар,"Павлодар, 1-й проезд, 7/3",1000,manual_review,true,sloc_01KSAHYDSJRZAN219J1JM9A6BS,JNK-фарм г.Павлодар Проезд 1 строение 7\3,Павлодар,Проезд 1 строение 7\3,0.9586,sloc_01KSAHYDSA1VGSDZXRFMF0W4ZE,0.497
262,JNK-фарм г.Павлодар Естая 101,Павлодар,"Павлодар, улица Естая, 101",1000,exact_name_address_city,true,sloc_01KSAHYDSJQYW63DFWG155K4PS,JNK-фарм г.Павлодар Естая 101,Павлодар,Естая 101,1.24,sloc_01KSAHYDSJZD761DN8DSS4K67X,0.8153
263,Курмет-Фарм г.Атырау пр. Азаттык д.64,Атырау,"Атырау, проспект Азаттык, 64",4000,exact_name_address_city,true,sloc_01KSAHYDSJGJA3YNEMDTQQ81G7,Курмет-Фарм г.Атырау пр. Азаттык д.64,Атырау,пр. Азаттык д.64,1.24,sloc_01KSAHYDSHP7BDXDV5DVGB2SAR,0.8303
264,Курмет-Фарм г.Атырау Р Габдиева д.47А кв 1,Атырау,"Атырау, Рысбай Габдиев улица, 47а",4000,manual_review,true,sloc_01KSAHYDSMMQGS2GMDZNPFB2ZQ,Курмет-Фарм г.Атырау Р Габдиева д.47А кв 1,Атырау,Р Габдиева д.47А кв 1,0.9403,sloc_01KSAHYDSK81P5K3R3MXAY0BPZ,0.6448
265,JNK-фарм г.Павлодар Естая 39,Павлодар,"Павлодар, улица Естая, 39",1000,exact_name_address_city,true,sloc_01KSAHYDSJZD761DN8DSS4K67X,JNK-фарм г.Павлодар Естая 39,Павлодар,Естая 39,1.24,sloc_01KSAHYDSJQYW63DFWG155K4PS,0.8153
266,JNK-фарм г.Павлодар ул.Такачева 17,Павлодар,,1000,manual_review,true,sloc_01KSAHYDSFHH3QKV5SAM9EP8E1,JNK-фарм г.Павлодар ул.Такачева 17,Павлодар,ул.Такачева 17,0.73,sloc_01KSAHYDSFGJJPQ5JA33SK3M4M,0.5433
267,"ТОО ""Tengripharm"" г.Астана,ул.Мустафина 13",Астана,"Астана, улица Габидена Мустафина, 13",5000,exact_name_correlated_address_city,true,sloc_01KSAHYDSGB9K25V5W7XCDS2PA,"ТОО ""Tengripharm"" г.Астана,ул.Мустафина 13",Астана,ул.Мустафина 13,1.0318,sloc_01KSAHYDSKZ833BF6DPFT9V7T0,0.6399
268,JNK-фарм г.Павлодар ул.Ломова 149,Павлодар,"Павлодар, улица Ломова, 149",1000,exact_name_address_city,true,sloc_01KSAHYDSA7H0NA53JBFY6STNV,JNK-фарм г.Павлодар ул.Ломова 149,Павлодар,ул.Ломова 149,1.24,sloc_01KSAHYDSMVQAC2XW4ZHKJTY0X,0.8251
269,Курмет-Фарм г.Атырау ул. Ахмедиярова 26,Атырау,"Атырау, улица Абая Кунанбаева, 26",4000,manual_review,true,sloc_01KSAHYDSJT5GA8SRKZFY72V28,Курмет-Фарм г.Атырау ул. Ахмедиярова 26,Атырау,ул. Ахмедиярова 26,0.8956,sloc_01KSAHYDSJAXZ0ME7GKMC0A6KP,0.6171
270,Курмет-Фарм г.Атырау мкр 3 Привокзальный д. 6 кв 48,Атырау,"Атырау, микрорайон Привокзальный 3а, 6а",4000,manual_review,true,sloc_01KSAHYDSJH15FB1VR9Z0AGJ3P,Курмет-Фарм г.Атырау мкр 3 Привокзальный д. 6 кв 48,Атырау,мкр 3 Привокзальный д. 6 кв 48,0.9457,sloc_01KSAHYDSJGJA3YNEMDTQQ81G7,0.5442
271,Курмет-Фарм г.Атырау Гурьевская д.5 кв 15,Атырау,"Атырау, Гурьевская улица, 5",4000,manual_review,true,sloc_01KSAHYDSNH3SMJ8C4TKJZ8ZX8,Курмет-Фарм г.Атырау Гурьевская д.5 кв 15,Атырау,Гурьевская д.5 кв 15,0.986,sloc_01KSAHYDSMMQGS2GMDZNPFB2ZQ,0.5731
272,"JNK-фарм г. Алматы, ул.Гоголя 87",Алматы,"Алматы, улица Гоголя, 87",1000,exact_name_address_city,true,sloc_01KSAHYDSHMDDRB7520ZYA10C3,"JNK-фарм г. Алматы, ул.Гоголя 87",Алматы,ул.Гоголя 87,1.24,sloc_01KSAHYDSDJMMAFFMTNGZ55VEB,0.5833
273,Курмет-Фарм г.Атырау пр. Мухтара Ауэзова д.56А кв 18,Атырау,"Атырау, проспект Мухтара Ауэзова, 56а",4000,manual_review,true,sloc_01KSAHYDSMWHK1CZWVT8CJZP5Z,Курмет-Фарм г.Атырау пр. Мухтара Ауэзова д.56А кв 18,Атырау,пр. Мухтара Ауэзова д.56А кв 18,1.0159,sloc_01KSAHYDSKADF9SKYFSG9W1MQ2,0.5524
274,Курмет-Фарм г.Атырау пр. Каныша Сатпаева д.22 кв 17,Атырау,"Атырау, проспект Каныша Сатпаева, 22",4000,manual_review,true,sloc_01KSAHYDSKMZERN5DS11B68K17,Курмет-Фарм г.Атырау пр. Каныша Сатпаева д.22 кв 17,Атырау,пр. Каныша Сатпаева д.22 кв 17,1.0129,sloc_01KSAHYDSK81P5K3R3MXAY0BPZ,0.6641
275,Ирбис Транс Систем г.Актобе Шернияза 54,Актобе,"Актобе, улица Шернияза, 54",3000,exact_name_address_city,true,sloc_01KSAHYDSNCA1F36D0WPFC2CQM,Ирбис Транс Систем г.Актобе Шернияза 54,Актобе,Шернияза 54,1.24,sloc_01KSAHYDSKC90BPGZFBT3JGJB7,0.9246
276,"JNK-фарм г.Караганда Проспект Нуркена Абдирова, 52",Караганда,"Караганда, проспект Нуркена Абдирова, 52",1000,exact_name_address_city,true,sloc_01KSAHYDSG7AZ17JN00Y78JWD1,"JNK-фарм г.Караганда Проспект Нуркена Абдирова, 52",Караганда,"Проспект Нуркена Абдирова, 52",1.24,sloc_01KSAHYDSFS94923T7QRNXC2Y4,0.591
277,JNK-фарм г.Павлодар ул.Малайсары 37\4,Павлодар,"Павлодар, улица Малайсары батыра, 37/4",1000,exact_name_correlated_address_city,true,sloc_01KSAHYDSJZCD9BV9FDKJTYKV7,JNK-фарм г.Павлодар ул.Малайсары 37\4,Павлодар,ул.Малайсары 37\4,1.066,sloc_01KSAHYDSK2K346HCPVKBYHVG3,0.8582
278,Ирбис Транс Систем г.Талдыкорган Ескелды би 2А закрыта,Талдыкорган,,3000,closed_source_review,true,sloc_01KSAHYDSE4ZXZ8SQ93C8X6WAW,Ирбис Транс Систем г.Талдыкорган Каратал 36/27,Талдыкорган,Каратал 36/27,0.494,sloc_01KSAHYDSDZ92Y5ZNEQWXVEY4Y,0.4843
279,Ирбис Транс Систем г.Талдыкорган мкр. Жетысу д1,Талдыкорган,"Талдыкорган, микрорайон Жетысу, 1",3000,manual_review,true,sloc_01KSAHYDSG68Y0AXK2Y8CG2FPP,Ирбис Транс Систем г.Талдыкорган мкр. Жетысу д1,Талдыкорган,мкр. Жетысу д1,1.0524,sloc_01KSAHYDSC85TFA8AFMC3TDRNZ,0.6329
280,JNK-фарм г.Павлодар ул.Макажанова 50/3,Павлодар,"Павлодар, улица Макажанова, 50/3",1000,exact_name_address_city,true,sloc_01KSAHYDSGH9EPXRAZ8BFX45ZX,JNK-фарм г.Павлодар ул.Макажанова 50/3,Павлодар,ул.Макажанова 50/3,1.24,sloc_01KSAHYDSGT6KEWX7G2352X2MM,0.7965
281,JNK-фарм г.Павлодар ул.Бекхожина 15,Павлодар,,1000,manual_review,true,sloc_01KSBH8M08DS7ADWHPN1ZSAP88,JNK-фарм г.Павлодар ул.Бекхожина 15,Павлодар,ул.Бекхожина 15,0.73,sloc_01KSAHYDSFGJJPQ5JA33SK3M4M,0.5544
282,"ТОО ""Tengripharm"" г.Астана, ул.Улы Дала 65\1",Астана,"Астана, проспект Улы Дала, 65/1",5000,exact_name_address_city,true,sloc_01KSAHYDSHJX6JD8RFGKZY7W30,"ТОО ""Tengripharm"" г.Астана, ул.Улы Дала 65\1",Астана,ул.Улы Дала 65\1,1.24,sloc_01KSAHYDSC2XF5P61M6BCJTQD5,0.8952
283,"ТОО ""Tengripharm"" г.Астана, ул.Республика 61 Закрыта",Астана,,5000,closed_source_review,true,sloc_01KSBH8M08SJNS8KGMTHRQAVA0,"ТОО ""Tengripharm"" г.Астана,Куиши Дина 12 закрыта",Астана,Куиши Дина 12 закрыта,0.5337,sloc_01KSAHYDSGF87TXSNSC351JMRD,0.5143
284,"Jnk-фарм г.Павлодар, ул.Иссыкульская 97/5 закрыта",Павлодар,"Павлодар, улица Иссыкульская, 97/5",1000,closed_source_review,true,sloc_01KSBH8M08CGG527V5YSQF1XKF,"Jnk-фарм г.Павлодар, ул.Иссыкульская 97/5",Павлодар,ул.Иссыкульская 97/5,1.1118,sloc_01KSAHYDSHMDPRQK2A8SFWGBX8,0.6054
285,Курмет-Фарм г.Атырау ул. Курмангазы д.3,Атырау,"Атырау, улица Курмангазы, 3",4000,exact_name_address_city,true,sloc_01KSAHYDSNFKQYZN1CHHS92ZVC,Курмет-Фарм г.Атырау ул. Курмангазы д.3,Атырау,ул. Курмангазы д.3,1.24,sloc_01KSAHYDSHP7BDXDV5DVGB2SAR,0.5831
286,"Jnk-фарм г.Павлодар, Бестужева 6  50/3",Павлодар,"Павлодар, улица Бестужева, 6",1000,manual_review,true,sloc_01KSAHYDSA1VGSDZXRFMF0W4ZE,"Jnk-фарм г.Павлодар, Бестужева 6 50/3",Павлодар,Бестужева 6 50/3,0.993,sloc_01KSAHYDSKKC5JWFEKKTF2G5N9,0.6892
287,"Аспект-траст г.Атырау ул.Геолог Акулова 46, 10",Атырау,"Атырау, улица Ануарбек Аккулов, 46",2000,manual_review,true,sloc_01KSAHYDSH2CA6JSY8WY5R4223,"Аспект-траст г.Атырау ул.Геолог Акулова 46, 10",Атырау,"ул.Геолог Акулова 46, 10",0.8751,sloc_01KSAHYDSKADF9SKYFSG9W1MQ2,0.5797
288,Ирбис Транс Систем Текели ул.Кастеева 5 закрыта,Талдыкорган,,3000,closed_source_review,true,sloc_01KSAHYDSE4ZXZ8SQ93C8X6WAW,Ирбис Транс Систем г.Талдыкорган Каратал 36/27,Талдыкорган,Каратал 36/27,0.3774,sloc_01KSAHYDSEJVZ3X763FE0TZ6FS,0.3734
289,Jnk-фарм г.Усть-каменагорск ул.Утепова 27,Усть-Каменогорск,"Усть-Каменогорск, улица Утепова, 27",1000,manual_review,true,sloc_01KSAHYDSGJKG9XQGG635K77N2,Ирбис-Жер г.Усть-Каменогорск ул.Бурова 29,Усть-Каменогорск,ул.Бурова 29,0.6846,sloc_01KSAHYDSHMWXSY1Z3N0HJEP15,0.6427
290,JNK-фарм г.Караганда Муканова 22,Караганда,"Караганда, улица Муканова, 22",1000,exact_name_address_city,true,sloc_01KSAHYDSHBG00S5GPZRRP3AES,JNK-фарм г.Караганда Муканова 22,Караганда,Муканова 22,1.24,sloc_01KSAHYDS980CVEHPR4RR9STJ7,0.8134
291,"Jnk-фарм г.Павлодар, Украинская 39/2",Павлодар,"Павлодар, улица Украинская, 39/2",1000,exact_name_address_city,true,sloc_01KSAHYDSHMDPRQK2A8SFWGBX8,"Jnk-фарм г.Павлодар, Украинская 39/2",Павлодар,Украинская 39/2,1.24,sloc_01KSAHYDSGS8DFR28TQW5V1JSZ,0.8601
292,Jnk-фарм г.Павлодар ул.Айманова 50,Павлодар,"Павлодар, улица Айманова, 50",1000,exact_name_address_city,true,sloc_01KSAHYDSGT6KEWX7G2352X2MM,Jnk-фарм г.Павлодар ул.Айманова 50,Павлодар,ул.Айманова 50,1.24,sloc_01KSAHYDSGH9EPXRAZ8BFX45ZX,0.7965
293,Jnk-фарм г.Алматы ул.Айнабулак 4.175,Алматы,"Алматы, микрорайон Айнабулак 4, 175",1000,exact_name_address_city,true,sloc_01KSAHYDSMTGV8JD8BCA9VD0C8,Jnk-фарм г.Алматы ул.Айнабулак 4.175,Алматы,ул.Айнабулак 4.175,1.24,ph_354af279,0.7791
294,Ирбис Транс Систем г.Актау 18 а мкр 1,Актау,,3000,manual_review,true,sloc_01KSBH8M07KJJ86Q6AW93ZXVXY,Ирбис Транс Систем г.Актау 18 а мкр 1,Актау,18 а мкр 1,0.73,sloc_01KSAHYDSDBJKZEA0XRM5DD2G4,0.5877
295,Jnk-фарм г.Павлодар ул.Камзина 12,Павлодар,"Павлодар, улица Камзина, 12",1000,exact_name_address_city,true,sloc_01KSAHYDSFGJJPQ5JA33SK3M4M,Jnk-фарм г.Павлодар ул.Камзина 12,Павлодар,ул.Камзина 12,1.24,sloc_01KSAHYDSJQ2Z1XENZB7R3YQ5A,0.8832
296,Аспект-траст г.Алматы Достык 248,Алматы,"Алматы, проспект Достык, 248",2000,exact_name_address_city,true,sloc_01KSAHYDSN65DYVX7RJDYAS3K9,Аспект-траст г.Алматы Достык 248,Алматы,Достык 248,1.24,sloc_01KSAHYDSJ5BCQT07391P1T8D7,0.9695
297,Курмет-Фарм г.Экибастуз Энергетиков 97,Экибастуз,"Экибастуз, улица Энергетиков, 97",6000,exact_name_address_city,true,sloc_01KSAHYDSJ138QXEZQFM62KVCT,Курмет-Фарм г.Экибастуз Энергетиков 97,Экибастуз,Энергетиков 97,1.24,sloc_01KSAHYDSJKNPY9Q7VC61WT35C,0.6601
298,Курмет-Фарм г.Экибастуз ул.Машхур Жусупа 147,Экибастуз,"Экибастуз, улица Машхур Жусупа, 147",6000,exact_name_address_city,true,sloc_01KSAHYDSH99FN6RRDWSKR74E4,Курмет-Фарм г.Экибастуз ул.Машхур Жусупа 147,Экибастуз,ул.Машхур Жусупа 147,1.24,sloc_01KSAHYDSJQ11E5H12RHVD9YHA,0.5649
299,Курмет-Фарм г.Экибастуз ул.Ломоносова 11\2,Экибастуз,"Экибастуз, улица Ломоносова, 11/2",6000,exact_name_address_city,true,sloc_01KSAHYDSHVY95MDZ7CAKBEDQ8,Курмет-Фарм г.Экибастуз ул.Ломоносова 11\2,Экибастуз,ул.Ломоносова 11\2,1.24,sloc_01KSAHYDSG9XZF3C91QW4Q837Y,0.5549
300,Курмет-Фарм г.Экибастуз ул.Естая Беркимбаева 97,Экибастуз,"Экибастуз, улица Естая Беркимбаева, 97",6000,exact_name_address_city,true,sloc_01KSAHYDSJKNPY9Q7VC61WT35C,Курмет-Фарм г.Экибастуз ул.Естая Беркимбаева 97,Экибастуз,ул.Естая Беркимбаева 97,1.24,sloc_01KSAHYDSJ138QXEZQFM62KVCT,0.6601
301,Курмет-Фарм г.Экибастуз ул.Бауыржана Момышулы 24,Экибастуз,"Экибастуз, улица Бауыржана Момышулы, 24",6000,exact_name_address_city,true,sloc_01KSAHYDSJQ11E5H12RHVD9YHA,Курмет-Фарм г.Экибастуз ул.Бауыржана Момышулы 24,Экибастуз,ул.Бауыржана Момышулы 24,1.24,sloc_01KSAHYDSH99FN6RRDWSKR74E4,0.5649
302,Курмет-Фарм г.Костанай ул.Кайрбекова (Ост. Мерей),Костанай,"Костанай, улица Каирбекова, 379/1",6000,manual_review,true,sloc_01KSAHYDSKG4SWC0BJ1SFBDEM1,Курмет-Фарм г.Костанай ул.Кайрбекова (Ост. Мерей),Костанай,ул.Кайрбекова (Ост. Мерей),0.8711,sloc_01KSAHYDSMX79ZQ2FKKZ4Z0FSY,0.6216
303,"ТОО ""Tengripharm"" г.Астана ул.Женис 20",Астана,"Астана, проспект Женис, 20",5000,exact_name_address_city,true,sloc_01KSAHYDSMY3M9RKT3GC1RRV8T,"ТОО ""Tengripharm"" г.Астана ул.Женис 20",Астана,ул.Женис 20,1.24,sloc_01KSAHYDSC3Y6V37GB3FYPHQFP,0.6418
304,Курмет-Фарм г.Костанай мкр 5 д5,Костанай,"Костанай, 5-й микрорайон, 5",6000,exact_name_correlated_address_city,true,sloc_01KSAHYDSJT4T1PTRAHHH5X31D,Курмет-Фарм г.Костанай мкр 5 д5,Костанай,мкр 5 д5,1.0033,sloc_01KSAHYDSMSJZDFX9DGW3WG1EP,0.5886
305,Курмет-Фарм г.Костанай ул.Кобланды батыр 21,Костанай,"Костанай, проспект Кобыланды батыра, 21",6000,exact_name_correlated_address_city,true,sloc_01KSAHYDSJ71S497N8Y67E5R2N,Курмет-Фарм г.Костанай ул.Кобланды батыр 21,Костанай,ул.Кобланды батыр 21,1.1339,sloc_01KSAHYDSJ7DJFH98YGD5BW2R7,0.6616
306,"Аспект-траст г.Атырау мкр.Жилгородок,ул.Ауэзова 61",Атырау,"Атырау, проспект Мухтара Ауэзова, 61",2000,manual_review,true,sloc_01KSAHYDSKADF9SKYFSG9W1MQ2,"Аспект-траст г.Атырау мкр.Жилгородок,ул.Ауэзова 61",Атырау,"мкр.Жилгородок,ул.Ауэзова 61",0.9792,sloc_01KSAHYDSMWHK1CZWVT8CJZP5Z,0.6873
307,Аспект-траст г.Атырау ул.Азаттык 51а,Атырау,"Атырау, проспект Азаттык, 51а",2000,exact_name_address_city,true,sloc_01KSAHYDSMV2TDEJAYBJDP5WVW,Аспект-траст г.Атырау ул.Азаттык 51а,Атырау,ул.Азаттык 51а,1.24,sloc_01KSAHYDSK76DF9H6DYFFX9TT6,0.9105
308,Аспект-траст г.Атырау мкр.Авангард 2 д 23,Атырау,"Атырау, микрорайон Авангард-2, 23а",2000,manual_review,true,sloc_01KSAHYDSJAR0DGTXCMYASXY58,Аспект-траст г.Атырау мкр.Авангард 2 д 23,Атырау,мкр.Авангард 2 д 23,1.0626,sloc_01KSAHYDSMVBZA2KFF6DHM9BPX,0.8007
309,Курмет-Фарм г.Костанай ул.Тауелсиздик д70,Костанай,"Костанай, улица Тауелсыздык, 70",6000,manual_review,true,sloc_01KSAHYDSJ5BFNCBZP4PFFJ6KR,Курмет-Фарм г.Костанай ул.Тауелсиздик д70,Костанай,ул.Тауелсиздик д70,0.999,sloc_01KSAHYDSAEN92QW9WE4NKH2QA,0.6093
310,Курмет-Фарм г.Костанай ул.Хакимжановой 56,Костанай,"Костанай, улица Хакимжановой, 56а",6000,manual_review,true,sloc_01KSAHYDSK5Y0M7TPPKK8WTE1Z,Курмет-Фарм г.Костанай ул.Хакимжановой 56,Костанай,ул.Хакимжановой 56,1.0648,sloc_01KSAHYDSM6A5WF85950J0RM7R,0.5819
311,Jnk-фарм г.Павлодар ул.Украинская 38А,Павлодар,"Павлодар, улица Украинская, 38а",1000,exact_name_address_city,true,sloc_01KSAHYDSGS8DFR28TQW5V1JSZ,Jnk-фарм г.Павлодар ул.Украинская 38А,Павлодар,ул.Украинская 38А,1.24,sloc_01KSAHYDSHMDPRQK2A8SFWGBX8,0.8601
312,Jnk-фарм г.Павлодар Аксу ул Астана 7,Павлодар,"Аксу, улица Астана, 7",1000,exact_name_address_city,true,sloc_01KSAHYDSKPNHKS8J7MEYJKVZ8,Jnk-фарм г.Павлодар Аксу ул Астана 7,Павлодар,Аксу ул Астана 7,1.24,sloc_01KSAHYDSFHH3QKV5SAM9EP8E1,0.659
313,JNK-фарм г.Караганда ул.Ермекова 60\2,Караганда,"Караганда, улица Ермекова, 60/2",1000,exact_name_address_city,true,sloc_01KSAHYDSP77H44TJPRJ3K9F3N,JNK-фарм г.Караганда ул.Ермекова 60\2,Караганда,ул.Ермекова 60\2,1.24,sloc_01KSAHYDSC3EASCTSV3EHW1Z8T,0.7336
314,Курмет-Фарм г.Атырау ул.Азаттык 91,Атырау,"Атырау, проспект Азаттык, 91",4000,exact_name_address_city,true,sloc_01KSAHYDSHP7BDXDV5DVGB2SAR,Курмет-Фарм г.Атырау ул.Азаттык 91,Атырау,ул.Азаттык 91,1.24,sloc_01KSAHYDSJGJA3YNEMDTQQ81G7,0.8303
315,Курмет-Фарм г.Костанай ул.Интернацианалистов 14 закрыта,Костанай,,6000,closed_source_review,true,sloc_01KSAHYDSKN3NK0V17B00BQR8C,Курмет-Фарм г.Костанай ул. Лермонтова 14,Костанай,ул. Лермонтова 14,0.484,sloc_01KSAHYDSAEN92QW9WE4NKH2QA,0.4522
316,Курмет-Фарм г.Усть-Каменогорск ул.Сатпаева 12/3,Усть-Каменогорск,"Усть-Каменогорск, проспект Каныша Сатпаева, 12/3",6000,exact_name_correlated_address_city,true,sloc_01KSAHYDSHMWXSY1Z3N0HJEP15,Курмет-Фарм г.Усть-Каменогорск ул.Сатпаева 12/3,Усть-Каменогорск,ул.Сатпаева 12/3,1.0603,sloc_01KSAHYDSG0PN17BAG1B3CDVAX,0.7023
317,Курмет-Фарм г.Усть-Каменогорск ул.Казахстан 75,Усть-Каменогорск,"Усть-Каменогорск, улица Казахстан, 75",6000,exact_name_address_city,true,sloc_01KSAHYDSH5Y7CDJCTMD8EBSY9,Курмет-Фарм г.Усть-Каменогорск ул.Казахстан 75,Усть-Каменогорск,ул.Казахстан 75,1.24,sloc_01KSAHYDSHWRNXJ8S3JMVXTRR0,0.5186
318,Курмет-Фарм г.Костанай Чехова 125,Костанай,"Костанай, улица Чехова, 125",6000,exact_name_address_city,true,sloc_01KSAHYDSM6A5WF85950J0RM7R,Курмет-Фарм г.Костанай Чехова 125,Костанай,Чехова 125,1.24,sloc_01KSAHYDSKN3NK0V17B00BQR8C,0.6722
319,Jnk-фарм г.Павлодар ул.Малайсары Батыра 8,Павлодар,"Павлодар, улица Малайсары батыра, 8",1000,exact_name_address_city,true,sloc_01KSAHYDSK2K346HCPVKBYHVG3,Jnk-фарм г.Павлодар ул.Малайсары Батыра 8,Павлодар,ул.Малайсары Батыра 8,1.24,sloc_01KSAHYDSJ26WVMX2HHJ3BE9T9,0.7658
320,Курмет-Фарм г.Атырау ул.Сатпаева 48а,Атырау,"Атырау, проспект Каныша Сатпаева, 48а",4000,exact_name_correlated_address_city,true,sloc_01KSAHYDSK81P5K3R3MXAY0BPZ,Курмет-Фарм г.Атырау ул.Сатпаева 48а,Атырау,ул.Сатпаева 48а,1.0539,sloc_01KSAHYDSKMZERN5DS11B68K17,0.7319
321,Jnk-фарм г.Павлодар ул.Ломова 52-31,Павлодар,"Павлодар, улица Ломова, 52",1000,manual_review,true,sloc_01KSAHYDSMVQAC2XW4ZHKJTY0X,Jnk-фарм г.Павлодар ул.Ломова 52-31,Павлодар,ул.Ломова 52-31,1.0129,sloc_01KSAHYDSA7H0NA53JBFY6STNV,0.8296
322,Курмет-Фарм г.Костанай Баймагамбетова 193,Костанай,,6000,manual_review,true,sloc_01KSBH8M08F6D0J0X5N3RTNMRT,Курмет-Фарм г.Костанай Баймагамбетова 193,Костанай,Баймагамбетова 193,0.73,sloc_01KSAHYDSMX79ZQ2FKKZ4Z0FSY,0.5965
323,Курмет-Фарм г.Костанай Бородина 107,Костанай,"Костанай, улица Бородина, 107",6000,exact_name_address_city,true,sloc_01KSAHYDSKGD53CP9ZV2ZQ355S,Курмет-Фарм г.Костанай Бородина 107,Костанай,Бородина 107,1.24,sloc_01KSAHYDSJ7DJFH98YGD5BW2R7,0.721
324,Курмет-Фарм г.Костанай 8 мкр дом 8,Костанай,"Костанай, 8-й микрорайон, 8а",6000,manual_review,true,sloc_01KSAHYDSKV7V5ZZK9CGXE32RS,Курмет-Фарм г.Костанай 8 мкр дом 8,Костанай,8 мкр дом 8,0.9233,sloc_01KSAHYDSMSJZDFX9DGW3WG1EP,0.5863
325,Курмет-Фарм г.Актобе мкр.Алтын Орда д338,Актобе,"Актобе, микрорайон Алтын Орда, 338",6000,manual_review,true,sloc_01KSAHYDSM4M0HH5R3SQ3R815M,Курмет-Фарм г.Актобе мкр.Алтын Орда д338,Актобе,мкр.Алтын Орда д338,1.0638,sloc_01KSAHYDSGSYTAED4FSP8PHVVZ,0.7993
326,Курмет-Фарм г.Костанай 9 мкр д 1,Костанай,"Костанай, 9-й микрорайон, 1",6000,exact_name_correlated_address_city,true,sloc_01KSAHYDSMSJZDFX9DGW3WG1EP,Курмет-Фарм г.Костанай 9 мкр д 1,Костанай,9 мкр д 1,1.0425,sloc_01KSAHYDSKV7V5ZZK9CGXE32RS,0.5993
327,Jnk-фарм г.Павлодар ул.Бектурова 29,Павлодар,"Павлодар, Академика Бектурова улица, 29",1000,exact_name_correlated_address_city,true,sloc_01KSAHYDSKKC5JWFEKKTF2G5N9,Jnk-фарм г.Павлодар ул.Бектурова 29,Павлодар,ул.Бектурова 29,1.0218,sloc_01KSAHYDSGEDWP6T6YHREVH7G9,0.7157
328,Курмет-Фарм г.Костанай ул.Абая 2а,Костанай,"Костанай, проспект Абая, 2а",6000,exact_name_address_city,true,sloc_01KSAHYDSMNY9CGD310PCJMXD5,Курмет-Фарм г.Костанай ул.Абая 2а,Костанай,ул.Абая 2а,1.24,sloc_01KSAHYDSJ71S497N8Y67E5R2N,0.6282
329,Курмет-Фарм г.Усть-Каменагорск ул.Ауезова 20 Закрыта,Усть-Каменогорск,,6000,closed_source_review,true,sloc_01KSBH8M08E25N0AKBKSGFS00G,"Курмет-Фарм г.Усть-Каменогорск , ул.Чехова 55 закрыта",Усть-Каменогорск,ул.Чехова 55 закрыта,0.5806,sloc_01KSAHYDSH7HAS9KAK7YPABA8W,0.5361
330,Курмет-Фарм г.Костанай ул.Козыбаева 107,Костанай,"Костанай, улица Козыбаева, 107",6000,exact_name_address_city,true,sloc_01KSAHYDSJ7DJFH98YGD5BW2R7,Курмет-Фарм г.Костанай ул.Козыбаева 107,Костанай,ул.Козыбаева 107,1.24,sloc_01KSAHYDSKGD53CP9ZV2ZQ355S,0.721
331,Ирбис Транс Систем г.Актау 17 мкр 85,Актау,"Актау, 17-й микрорайон, 85",3000,exact_name_correlated_address_city,true,sloc_01KSAHYDSDBJKZEA0XRM5DD2G4,Ирбис Транс Систем г.Актау 17 мкр 85,Актау,17 мкр 85,1.0817,sloc_01KSBH8M07KJJ86Q6AW93ZXVXY,0.6961
332,Курмет-Фарм г.Костанай ул. Маяковского 101/1,Костанай,"Костанай, улица Маяковского, 101/1",6000,exact_name_address_city,true,sloc_01KSAHYDSMD15QGY2WP0DJZ3HB,Курмет-Фарм г.Костанай ул. Маяковского 101/1,Костанай,ул. Маяковского 101/1,1.24,sloc_01KSAHYDSAEN92QW9WE4NKH2QA,0.6723
333,Курмет-Фарм г.Алматы ул.Манаса 57 ЗАКРЫТА,Алматы,"Алматы, улица Манаса, 57",4000,closed_source_review,true,sloc_01KSBRMS3A607H4YXF4K3YNH22,Курмет-Фарм г.Алматы ул.Манаса 57 ЗАКРЫТА,Алматы,ул.Манаса 57 ЗАКРЫТА,1.0154,sloc_01KSAHYDSP954QY0R8JBRCJNF6,0.8096
334,Jnk-фарм г.Павлодар ул.Лермонтова 46,Павлодар,"Павлодар, улица Лермонтова, 46",1000,exact_name_address_city,true,sloc_01KSAHYDSKHGWTJZQBB9BYHDPV,Jnk-фарм г.Павлодар ул.Лермонтова 46,Павлодар,ул.Лермонтова 46,1.24,sloc_01KSAHYDSA7H0NA53JBFY6STNV,0.747
335,Курмет-Фарм г.Костанай ул.Тимирязева 63 закрыта,Костанай,,6000,closed_source_review,true,sloc_01KSAHYDSJ7DJFH98YGD5BW2R7,Курмет-Фарм г.Костанай ул.Козыбаева 107,Костанай,ул.Козыбаева 107,0.4686,sloc_01KSAHYDSKG4SWC0BJ1SFBDEM1,0.4613
336,Ирбис-Жер г.Есик ул Ыскака 76д,Есик,"Есик, улица Марата Ыскака, 76",3000,manual_review,true,sloc_01KSAHYDSBZ0GYCBDE4WP0D3KF,Ирбис-Жер г.Есик ул Ыскака 76д,Есик,ул Ыскака 76д,0.9354,sloc_01KSBH8KZXDB4M31CRS77XCA48,0.5265
337,"JNK-фарм г.Алматы, ул.Наурызбай батыра 50 ЗАКРЫТО",Алматы,,1000,closed_source_review,true,sloc_01KSAHYDSAM9Y2HEB4FH7SR6M0,"Лимон Фарм г. Алматы ,ул.Кабанбай батыра 75",Алматы,ул.Кабанбай батыра 75,0.4528,sloc_01KSAHYDSESY9TY06MNBXDHEBF,0.4439
338,Курмет-Фарм г.Рудный ул.Ленина 147,Костанай,"Рудный, улица Ленина, 147",6000,manual_review,true,sloc_01KSAHYDSKGD53CP9ZV2ZQ355S,Курмет-Фарм г.Костанай Бородина 107,Костанай,Бородина 107,0.6126,sloc_01KSAHYDSKN3NK0V17B00BQR8C,0.6114
339,Курмет-Фарм г.Рудный ул.Ленина 101,Костанай,"Рудный, улица Ленина, 101",6000,manual_review,true,sloc_01KSAHYDSKGD53CP9ZV2ZQ355S,Курмет-Фарм г.Костанай Бородина 107,Костанай,Бородина 107,0.6126,sloc_01KSAHYDSKN3NK0V17B00BQR8C,0.5655
340,Курмет-Фарм г.Рудный ул.Горького 53,Костанай,"Рудный, улица Горького, 53",6000,manual_review,true,sloc_01KSAHYDSAEN92QW9WE4NKH2QA,Курмет-Фарм г.Костанай ул. Толстого 50,Костанай,ул. Толстого 50,0.5773,sloc_01KSAHYDSMV1TWNMY8TBEDBS0Y,0.5526
341,Курмет-Фарм г.Рудный Комсомольский 49Б,Костанай,"Рудный, Комсомольский проспект, 49",6000,manual_review,true,sloc_01KSAHYDSMV1TWNMY8TBEDBS0Y,Курмет-Фарм г.Костанай ул. Гоголя 68,Костанай,ул. Гоголя 68,0.4224,sloc_01KSAHYDSKN3NK0V17B00BQR8C,0.4196
342,Курмет-Фарм г.Рудный ул.Корчагина 84,Костанай,"Рудный, улица Павла Корчагина, 84",6000,manual_review,true,sloc_01KSAHYDSKN3NK0V17B00BQR8C,Курмет-Фарм г.Костанай ул. Лермонтова 14,Костанай,ул. Лермонтова 14,0.5018,sloc_01KSAHYDSKGD53CP9ZV2ZQ355S,0.4958
343,Курмет-Фарм г.Рудный ул.Корчагина 100,Костанай,"Рудный, улица Павла Корчагина, 100",6000,manual_review,true,sloc_01KSAHYDSKGD53CP9ZV2ZQ355S,Курмет-Фарм г.Костанай Бородина 107,Костанай,Бородина 107,0.566,sloc_01KSAHYDSJ7DJFH98YGD5BW2R7,0.5453
344,Курмет-Фарм г.Рудный ул. Франко 18 В,Костанай,"Рудный, Ивана Франко улица, 18в",6000,manual_review,true,sloc_01KSAHYDSKGD53CP9ZV2ZQ355S,Курмет-Фарм г.Костанай Бородина 107,Костанай,Бородина 107,0.506,sloc_01KSAHYDSKN3NK0V17B00BQR8C,0.5005
345,Курмет-Фарм г.Рудный ул.50 лет Октября 98,Костанай,"Рудный, улица 50 лет Октября, 98а",6000,manual_review,true,sloc_01KSAHYDSMNY9CGD310PCJMXD5,Курмет-Фарм г.Костанай ул.Абая 2а,Костанай,ул.Абая 2а,0.447,sloc_01KSAHYDSMV1TWNMY8TBEDBS0Y,0.4453
346,Курмет-Фарм г.Рудный ул.50 лет Октября 68,Костанай,"Рудный, улица 50 лет Октября, 68",6000,manual_review,true,sloc_01KSAHYDSMV1TWNMY8TBEDBS0Y,Курмет-Фарм г.Костанай ул. Гоголя 68,Костанай,ул. Гоголя 68,0.4911,sloc_01KSAHYDSMNY9CGD310PCJMXD5,0.4204
347,Курмет-Фарм г.Рудный ул.50 лет Октября 5б,Костанай,"Рудный, улица 50 лет Октября, 5Б",6000,manual_review,true,sloc_01KSAHYDSMNY9CGD310PCJMXD5,Курмет-Фарм г.Костанай ул.Абая 2а,Костанай,ул.Абая 2а,0.4204,sloc_01KSAHYDSKN3NK0V17B00BQR8C,0.4196
348,Курмет-Фарм г.Рудный ул.Ленина 185,Костанай,"Рудный, улица Ленина, 185",6000,manual_review,true,sloc_01KSAHYDSKN3NK0V17B00BQR8C,Курмет-Фарм г.Костанай ул. Лермонтова 14,Костанай,ул. Лермонтова 14,0.5655,sloc_01KSAHYDSKGD53CP9ZV2ZQ355S,0.5649
349,Курмет-Фарм г.Рудный ул.Ленина 207А,Костанай,"Рудный, улица Ленина, 207а",6000,manual_review,true,sloc_01KSAHYDSKGD53CP9ZV2ZQ355S,Курмет-Фарм г.Костанай Бородина 107,Костанай,Бородина 107,0.599,sloc_01KSAHYDSJ7DJFH98YGD5BW2R7,0.54
350,"Ирбис-Жер г. Есик, мкр.1, д.5",Есик,"Есик, 1-й микрорайон, 5",1000,exact_name_correlated_address_city,true,sloc_01KSAHYDSBCVDY9HEFWFXA2V9N,"Ирбис-Жер г. Есик, мкр.1, д.5",Есик,"мкр.1, д.5",1.0425,sloc_01KSAHYDSBZ0GYCBDE4WP0D3KF,0.4412
351,Аспект-траст г.Атырау ул. Азаттык 35,Атырау,"Атырау, проспект Азаттык, 35",2000,exact_name_address_city,true,sloc_01KSAHYDSK76DF9H6DYFFX9TT6,Аспект-траст г.Атырау ул. Азаттык 35,Атырау,ул. Азаттык 35,1.24,sloc_01KSAHYDSMV2TDEJAYBJDP5WVW,0.9105
352,"Курмет-Фарм г.Усть-Каменогорск , ул.Темиржолшылар 83",Усть-Каменогорск,"Усть-Каменогорск, улица Темиржолшылар, 83",6000,exact_name_address_city,true,sloc_01KSAHYDSHS7CHBF5ZPZ8SAET6,"Курмет-Фарм г.Усть-Каменогорск , ул.Темиржолшылар 83",Усть-Каменогорск,ул.Темиржолшылар 83,1.24,sloc_01KSAHYDSGPENMW1Q5YAD9X741,0.6092
353,Курмет-Фарм г.Рудный ул.50 лет Октября 49,Костанай,"Рудный, улица 50 лет Октября, 49",6000,manual_review,true,sloc_01KSAHYDSKN3NK0V17B00BQR8C,Курмет-Фарм г.Костанай ул. Лермонтова 14,Костанай,ул. Лермонтова 14,0.4583,sloc_01KSAHYDSMNY9CGD310PCJMXD5,0.4204
354,Аспект-траст г.Алматы ул.Жанкожа батыра 250,Алматы,"Алматы, улица Жанкожа батыра, 250",2000,exact_name_address_city,true,sloc_01KSAHYDSN54QQAM1T63P6MY3S,Аспект-траст г.Алматы ул.Жанкожа батыра 250,Алматы,ул.Жанкожа батыра 250,1.24,sloc_01KSAHYDSH9F4R6HZC1XHMVV9S,0.6959
355,Ирбис-Жер Шелек Жибек жолы 116А Алм-ая область,Есик,"Шелек, улица Жибек жолы, 116а",3000,manual_review,true,sloc_01KSBH8KZXDB4M31CRS77XCA48,"Ирбис-Жер г.Есик с.Кендала, ул. Смыкова 131а",Есик,"с.Кендала, ул. Смыкова 131а",0.4158,sloc_01KSAHYDSBZ0GYCBDE4WP0D3KF,0.3141
356,КосякJNK-фарм Караганда Ерубаева 45,Караганда,,1000,manual_review,true,sloc_01KSAHYDSKQQ8W406EXSTYAHSB,Jnk-фарм г.Караганда ул.Ерубаева 45,Караганда,ул.Ерубаева 45,0.5571,sloc_01KSAHYDSHBG00S5GPZRRP3AES,0.4657
357,Jnk-фарм г.Караганда ул.Ерубаева 45,Караганда,"Караганда, улица Ерубаева, 45",1000,exact_name_address_city,true,sloc_01KSAHYDSKQQ8W406EXSTYAHSB,Jnk-фарм г.Караганда ул.Ерубаева 45,Караганда,ул.Ерубаева 45,1.24,sloc_01KSAHYDS980CVEHPR4RR9STJ7,0.6767
358,Курмет-Фарм г.Костанай мкр.Юбилейный зд.67,Костанай,"Костанай, микрорайон Юбилейный, 67",6000,exact_name_address_city,true,sloc_01KSAHYDSM7RF9D1JE6GEXDBR5,Курмет-Фарм г.Костанай мкр.Юбилейный зд.67,Костанай,мкр.Юбилейный зд.67,1.24,sloc_01KSAHYDSKGD53CP9ZV2ZQ355S,0.5538
359,Курмет-Фарм г.Рудный п.Качары мкр 1-26 закрыта,Костанай,,6000,closed_source_review,true,sloc_01KSAHYDSMSJZDFX9DGW3WG1EP,Курмет-Фарм г.Костанай 9 мкр д 1,Костанай,9 мкр д 1,0.3833,sloc_01KSAHYDSMNY9CGD310PCJMXD5,0.3785
360,"Курмет-Фарм г.Усть-Каменогорск , ул.Крылова 112 Закрыта",Усть-Каменогорск,,6000,closed_source_review,true,sloc_01KSAHYDSGPENMW1Q5YAD9X741,"Курмет-Фарм г.Усть-Каменогорск , ул.Крылова 112",Усть-Каменогорск,ул.Крылова 112,0.5969,sloc_01KSBH8M08E25N0AKBKSGFS00G,0.575
361,"Курмет-Фарм г.Усть-Каменогорск ,ул.Назарбаева 64",Усть-Каменогорск,"Усть-Каменогорск, Нурсултана Назарбаева проспект, 64",6000,exact_name_correlated_address_city,true,sloc_01KSAHYDSG7BT8P0ZNQQKEJCBA,"Курмет-Фарм г.Усть-Каменогорск ,ул.Назарбаева 64",Усть-Каменогорск,ул.Назарбаева 64,1.0203,sloc_01KSAHYDSG0PN17BAG1B3CDVAX,0.8001
362,Аспект-траст г.Атырау К.Ахмедиярова 16-37,Атырау,"Атырау, улица Каршымбай Ахмедияров, 16",4000,manual_review,true,sloc_01KSAHYDSKGY7NVJ45BA4B36CS,Аспект-траст г.Атырау К.Ахмедиярова 16-37,Атырау,К.Ахмедиярова 16-37,0.9457,sloc_01KSAHYDSJT5GA8SRKZFY72V28,0.6806
363,ИРБИС Жер  г.Талдыкорган Шевченко 128 закрыта,Талдыкорган,"Талдыкорган, улица Шевченко, 128",3000,closed_source_review,true,sloc_01KSAHYDSCAY9EA18EAX3XHF59,ИРБИС Жер г.Талдыкорган Шевченко 128,Талдыкорган,Шевченко 128,1.107,ph_c7e077e9,0.5392
364,"Ирбис-Жер г.Талдыкорган, Ауэзова 52",Талдыкорган,"Сарканд, улица Ауэзова, 52",3000,exact_name_correlated_address_city,true,sloc_01KSAHYDSC8QVZCBK91FXG6XHX,"Ирбис-Жер г.Талдыкорган, Ауэзова 52",Талдыкорган,Ауэзова 52,1.0257,ph_c7e077e9,0.6878
365,"Ирбис Транс Систем г.Уральск, ул. Ружейнокова 14/1",Уральск,"Уральск, улица Ружейникова, 14 к1",3000,manual_review,true,sloc_01KSAHYDSNJQPDVQDAAF3ASAQE,"Ирбис Транс Систем г.Уральск, ул. Ружейнокова 14/1",Уральск,ул. Ружейнокова 14/1,1.0088,sloc_01KSBH8M00TH7YSCR5XSG8D4ZJ,0.8296
366,Аспект-траст г.Атырау ул.Авангард 3 мкр д 40а,Атырау,"Атырау, микрорайон Авангард-3, 40а",4000,exact_name_address_city,true,sloc_01KSAHYDSMVBZA2KFF6DHM9BPX,Аспект-траст г.Атырау ул.Авангард 3 мкр д 40а,Атырау,ул.Авангард 3 мкр д 40а,1.24,sloc_01KSAHYDSJAR0DGTXCMYASXY58,0.7795
367,Аспект-траст г.Атырау ул.Сатпаева 50а,Атырау,"Атырау, проспект Каныша Сатпаева, 50а",4000,exact_name_correlated_address_city,true,sloc_01KSAHYDSKC2X6T7W54DG51680,Аспект-траст г.Атырау ул.Сатпаева 50а,Атырау,ул.Сатпаева 50а,1.0539,sloc_01KSAHYDSK81P5K3R3MXAY0BPZ,0.6953
368,Аспект-траст г.Атырау Мкр Нурсая ул Жумагалиева д 10,Атырау,"Атырау, улица Таумуш Жумагалиев, 10 блок 11",4000,manual_review,true,sloc_01KSAHYDSKDD68H3PCXVWNQ52Y,Аспект-траст г.Атырау Мкр Нурсая ул Жумагалиева д 10,Атырау,Мкр Нурсая ул Жумагалиева д 10,0.8978,sloc_01KSAHYDSG3VCRC54TJ4D0319P,0.5256
369,Курмет-Фарм г.Экибастуз Ауэзова 83 закрыта,Экибастуз,"Экибастуз, улица Мухтара Ауэзова, 83",6000,closed_source_review,true,sloc_01KSAHYDSG9XZF3C91QW4Q837Y,Курмет-Фарм г.Экибастуз Ауэзова 83,Экибастуз,Ауэзова 83,0.8899,sloc_01KSAHYDSHVY95MDZ7CAKBEDQ8,0.5084
370,Курмет-Фарм г.Костанай ул. Баймагамбетова 187,Костанай,"Костанай, улица Баймагамбетова, 187",6000,exact_name_address_city,true,sloc_01KSAHYDSMX79ZQ2FKKZ4Z0FSY,Курмет-Фарм г.Костанай ул. Баймагамбетова 187,Костанай,ул. Баймагамбетова 187,1.24,sloc_01KSBH8M08F6D0J0X5N3RTNMRT,0.9041
371,"Ирбис-Жер г.Есик с.Кендала, ул. Смыкова 131а",Есик,"Есик, улица Смыкова, 131а",1000,exact_name_correlated_address_city,true,sloc_01KSBH8KZXDB4M31CRS77XCA48,"Ирбис-Жер г.Есик с.Кендала, ул. Смыкова 131а",Есик,"с.Кендала, ул. Смыкова 131а",1.0218,sloc_01KSAHYDSBZ0GYCBDE4WP0D3KF,0.5242
372,"Ирбис Транс Систем г.Алматы.об. ул.Кокжиек, 58а закрыта",Алматы,,3000,closed_source_review,true,sloc_01KSBH8M03MS57KWVW2Q6T22Z6,Ирбис Транс Систем г.Алматы Хабибулина 10A (закрыта),Алматы,Хабибулина 10A (закрыта),0.5049,sloc_01KSBRMS3ACBVBTYKHGTTZ2R5F,0.475
373,"Курмет-Фарм г.Актобе с.Алга, ул. Уалиханова 12",Актобе,"Актобе, с.Алга, улица Уалиханова, 12",4000,exact_name_address_city,true,sloc_01KSAHYDSHWE1A4MGD822SDG5X,"Курмет-Фарм г.Актобе с.Алга, ул. Уалиханова 12",Актобе,"с.Алга, ул. Уалиханова 12",1.24,sloc_01KSAHYDSK07YZSXD7WBY9KEQP,0.7867
374,"Ирбис Транс Систем г.Уральск, Абылхаиыр хан 2/4",Уральск,"Уральск, проспект Абулхаир хана, 2/4",3000,exact_name_correlated_address_city,true,sloc_01KSAHYDSM5JKNYCKY6VA482AB,"Ирбис Транс Систем г.Уральск, Абылхаиыр хан 2/4",Уральск,Абылхаиыр хан 2/4,1.1047,sloc_01KSBH8M00GDY983HZRR2AWR1Y,0.6629
375,"JNK-фарм г. Алматы, Микрорайон Айнабулак 3, 98Б",Алматы,"Алматы, микрорайон Айнабулак 3, 98Б",1000,exact_name_address_city,true,sloc_01KSAHYDSE1VQ93F4Q6W1E8BBX,"JNK-фарм г. Алматы, Микрорайон Айнабулак 3, 98Б",Алматы,"Микрорайон Айнабулак 3, 98Б",1.24,sloc_01KSAHYDSP8YEE3YSTVYX7JTHD,0.7446
376,"Ирбис-Жер г.Талдыкорган,ул. Назарбаева 58 Закрыта",Талдыкорган,"Талдыкорган, проспект Нурсултана Назарбаева, 58",3000,closed_source_review,true,sloc_01KSAHYDSCJ0FAKNTKT16Z0X8X,"Ирбис-Жер г.Талдыкорган,ул. Назарбаева 58",Талдыкорган,ул. Назарбаева 58,0.8921,sloc_01KSAHYDSEJVZ3X763FE0TZ6FS,0.6403
377,"Ирбис-Жер г.Кызылорда, ул. Абая 50",Кызылорда,"Кызылорда, проспект Абая, 50",3000,exact_name_address_city,true,sloc_01KSAHYDSC6XPNBHTW5K54D21J,"Ирбис-Жер г.Кызылорда, ул. Абая 50",Кызылорда,ул. Абая 50,1.24,sloc_01KSAHYDSJVE4EWNYYMFAVARMN,0.8326
378,"JNK-фарм г.Караганда, ж.м. Майкудык, мкр. Восток 1, д.5",Караганда,"Караганда, микрорайон Восток 1, 5",1000,manual_review,true,sloc_01KSAHYDSBBJ6QEW4C9JYK3H0Q,"JNK-фарм г.Караганда, ж.м. Майкудык, мкр. Восток 1, д.5",Караганда,"ж.м. Майкудык, мкр. Восток 1, д.5",0.9748,sloc_01KSAHYDSE390M6GQM7ZKMHJD7,0.5654
379,"Ирбис-Жер г.Кызылорда, ул.Казантаева 31",Кызылорда,"Кызылорда, улица Казантаева, 31",3000,exact_name_address_city,true,sloc_01KSAHYDSPF7P5JC7M73NQ6H4M,"Ирбис-Жер г.Кызылорда, ул.Казантаева 31",Кызылорда,ул.Казантаева 31,1.24,sloc_01KSAHYDSB1ADRP6CXSR72PEYK,0.6637
380,"Ирбис-Жер г.Кызылорда,мкр. Шугыла 25 закрыта",Кызылорда,,3000,closed_source_review,true,sloc_01KSAHYDSCG9GY3GMP51AVY29X,"Ирбис-Жер г.Кызылорда, мкр.Шугла 19.1",Кызылорда,мкр.Шугла 19.1,0.543,sloc_01KSAHYDSC6MTKBKBQPPKMSR4A,0.4741
381,"ТОО ""Tengripharm"" г.Астана ул.Мухаметжанова 4В закрыта",Астана,,5000,closed_source_review,true,sloc_01KSAHYDSAXJ41VZKKCRQC3M1M,"ТОО ""Tengripharm"" г.Астана,ул.Мухаметжанова 8",Астана,ул.Мухаметжанова 8,0.5747,sloc_01KSAHYDSGMQ19JJDPWG1PVXJG,0.5417
382,"Курмет-Фарм г.Усть-Каменогорск ,ул. Ауэзова 49б",Усть-Каменогорск,"Усть-Каменогорск, проспект Ауэзова, 49б",6000,exact_name_address_city,true,sloc_01KSAHYDSH7HAS9KAK7YPABA8W,"Курмет-Фарм г.Усть-Каменогорск ,ул. Ауэзова 49б",Усть-Каменогорск,ул. Ауэзова 49б,1.24,sloc_01KSAHYDSG7BT8P0ZNQQKEJCBA,0.6959
383,Курмет-Фарм г.Актобе с.Алга ул. Сейфуллина 24,Актобе,"Актобе, с.Алга, улица Сейфуллина, 24",4000,exact_name_address_city,true,sloc_01KSAHYDSK07YZSXD7WBY9KEQP,Курмет-Фарм г.Актобе с.Алга ул. Сейфуллина 24,Актобе,с.Алга ул. Сейфуллина 24,1.24,sloc_01KSAHYDSHWE1A4MGD822SDG5X,0.7867
384,"Курмет-Фарм г.Усть-Каменогорск , ул. Казахстан 91",Усть-Каменогорск,"Усть-Каменогорск, улица Казахстан, 91",6000,exact_name_address_city,true,sloc_01KSAHYDSHGW56J2TCJ9B0J84S,"Курмет-Фарм г.Усть-Каменогорск , ул. Казахстан 91",Усть-Каменогорск,ул. Казахстан 91,1.24,sloc_01KSAHYDSH7HAS9KAK7YPABA8W,0.5266
385,Аспект-траст г.Атырау ул. Канцева 2,Атырау,"Атырау, улица Канцева, 2",4000,exact_name_address_city,true,sloc_01KSAHYDSJAXZ0ME7GKMC0A6KP,Аспект-траст г.Атырау ул. Канцева 2,Атырау,ул. Канцева 2,1.24,sloc_01KSAHYDSH9JM2T9Z0ZE9JNNEK,0.7314
386,Аспект-траст г.Алматы ул. Ауэзова 163а Закрыта,Алматы,,2000,closed_source_review,true,sloc_01KSAHYDSE1GZKTGKS04W2VTKT,Аспект-траст г.Алматы ул. Ауэзова 163а,Алматы,ул. Ауэзова 163а,0.5866,sloc_01KSAHYDSE5MVP79KGJSH2F2SK,0.5333
387,"ТОО ""Tengripharm"" г.Астана ул. Мангилик ел 49, блок А",Астана,"Астана, проспект Мангилик Ел, 49 блок А",5000,exact_name_address_city,true,sloc_01KSAHYDSDWKAXDAY7WR3XJ7GB,"ТОО ""Tengripharm"" г.Астана ул. Мангилик ел 49, блок А",Астана,"ул. Мангилик ел 49, блок А",1.24,sloc_01KSAHYDSAGGYTA3FFWWHRFP75,0.6516
388,"Ирбис-Жер г.Кызылорда,ул.Абая 43",Кызылорда,"Кызылорда, проспект Абая, 43",3000,exact_name_address_city,true,sloc_01KSAHYDSJVE4EWNYYMFAVARMN,"Ирбис-Жер г.Кызылорда,ул.Абая 43",Кызылорда,ул.Абая 43,1.24,sloc_01KSAHYDSC6XPNBHTW5K54D21J,0.8326
389,"Ирбис-Жер г.Кызылорда,ул.Ауезова 26 Закрыта",Кызылорда,"Кызылорда, улица Ауэзова, 26",3000,closed_source_review,true,sloc_01KSAHYDSGVB2G8F9WCT8Q04WR,"Ирбис-Жер г.Кызылорда,ул.Ауезова 26",Кызылорда,ул.Ауезова 26,0.9786,sloc_01KSAHYDSBJJQ636FQMVJBJPQV,0.6845
390,Курмет-Фарм г.Актобе Ж.м. Каргала 12в,Актобе,"Актобе, Каргалы ж/м, 12в",4000,exact_name_correlated_address_city,true,sloc_01KSAHYDSN8BFQF5T4DCW2PTS9,Курмет-Фарм г.Актобе Ж.м. Каргала 12в,Актобе,Ж.м. Каргала 12в,1.0033,sloc_01KSAHYDSHWE1A4MGD822SDG5X,0.5855
391,"ТОО ""Tengripharm"" г. Астана , Аль-фараби 15",Астана,"Астана, Аль-Фараби проспект, 15",5000,exact_name_address_city,true,sloc_01KSAHYDSGR928GBDSHNFDHM35,"ТОО ""Tengripharm"" г. Астана , Аль-фараби 15",Астана,Аль-фараби 15,1.24,sloc_01KSAHYDSA76CBMATJ7KQ5XZVG,0.657
392,"JNK-фарм г.Караганда, ул. Бухар жырау 60/2",Караганда,"Караганда, улица Бухар жырау, 60/2",1000,exact_name_address_city,true,sloc_01KSAHYDSC3EASCTSV3EHW1Z8T,"JNK-фарм г.Караганда, ул. Бухар жырау 60/2",Караганда,ул. Бухар жырау 60/2,1.24,sloc_01KSAHYDSP77H44TJPRJ3K9F3N,0.6875
393,"Курмет-Фарм г.Усть-Каменогорск , ул. Космическая 16",Усть-Каменогорск,"Усть-Каменогорск, улица Космическая, 16",6000,exact_name_address_city,true,sloc_01KSAHYDSJ5ZAZEWH8NYT8CKXJ,"Курмет-Фарм г.Усть-Каменогорск , ул. Космическая 16",Усть-Каменогорск,ул. Космическая 16,1.24,sloc_01KSAHYDSGPENMW1Q5YAD9X741,0.6325
394,"Курмет-Фарм г.Усть-Каменогорск , ул.Чехова 55 закрыта",Усть-Каменогорск,,6000,closed_source_review,true,sloc_01KSBH8M08E25N0AKBKSGFS00G,"Курмет-Фарм г.Усть-Каменогорск , ул.Чехова 55 закрыта",Усть-Каменогорск,ул.Чехова 55 закрыта,0.73,sloc_01KSAHYDSH5Y7CDJCTMD8EBSY9,0.5227
395,"JNK-фарм г.Кызылорда,мкр. Шугыла 25",Кызылорда,"Кызылорда, микрорайон Шугыла, 25",3000,exact_name_address_city,true,sloc_01KSAHYDSJ7DAZ8CBQYRZVNFSB,"JNK-фарм г.Кызылорда,мкр. Шугыла 25",Кызылорда,мкр. Шугыла 25,1.24,sloc_01KSAHYDSCG9GY3GMP51AVY29X,0.6754
396,"Ирбис Транс Систем г.Актау мкр. 38, д. 5 закрыта",Актау,,3000,closed_source_review,true,sloc_01KSAHYDSBK8NS212KYXT4TMBG,"Ирбис Транс Систем г.Актау мкр. 28, д.2 кв.22",Актау,"мкр. 28, д.2 кв.22",0.5466,sloc_01KSAHYDSJVBH0GFFZPKQF2PV1,0.5457
397,Курмет-Фарм г.Костанай ул. Толстого 50,Костанай,"Костанай, улица Толстого, 50",6000,exact_name_address_city,true,sloc_01KSAHYDSAEN92QW9WE4NKH2QA,Курмет-Фарм г.Костанай ул. Толстого 50,Костанай,ул. Толстого 50,1.24,sloc_01KSAHYDSMD15QGY2WP0DJZ3HB,0.6723
398,Курмет-Фарм г.Костанай ул. Лермонтова 14,Костанай,"Костанай, улица Лермонтова, 14",6000,exact_name_address_city,true,sloc_01KSAHYDSKN3NK0V17B00BQR8C,Курмет-Фарм г.Костанай ул. Лермонтова 14,Костанай,ул. Лермонтова 14,1.24,sloc_01KSAHYDSM6A5WF85950J0RM7R,0.6722
399,Курмет-Фарм г.Костанай ул. Гоголя 68,Костанай,"Костанай, улица Гоголя, 68",6000,exact_name_address_city,true,sloc_01KSAHYDSMV1TWNMY8TBEDBS0Y,Курмет-Фарм г.Костанай ул. Гоголя 68,Костанай,ул. Гоголя 68,1.24,sloc_01KSAHYDSAEN92QW9WE4NKH2QA,0.6297
400,"Ирбис-Жер г.Кызылорда,мкр. Саяхат, ул. Калымбетова 2Б",Кызылорда,"Кызылорда, улица Калымбетова, 2Б",3000,manual_review,true,sloc_01KSAHYDSDQFHX0S6NA3D25T63,"Ирбис-Жер г.Кызылорда,мкр. Саяхат, ул. Калымбекова 2Б",Кызылорда,"мкр. Саяхат, ул. Калымбекова 2Б",0.9485,sloc_01KSAHYDSC6MTKBKBQPPKMSR4A,0.7281
401,"Ирбис-Жер г.Кызылорда,ул. А.Бокейханова 64",Кызылорда,"Кызылорда, улица Алихана Бокейхана, 64",3000,exact_name_correlated_address_city,true,sloc_01KSAHYDSC2G8VK04B3KXR7578,"Ирбис-Жер г.Кызылорда,ул. А.Бокейханова 64",Кызылорда,ул. А.Бокейханова 64,1.0556,sloc_01KSAHYDSBBXXBQJ0J6GPSB68V,0.6225
402,"ТОО ""Tengripharm"" г.Астана , ул. А-52, д. 8",Астана,"Астана, улица А 52, 8",5000,exact_name_address_city,true,sloc_01KSAHYDSDZ2K5WTETVRS1DVA2,"ТОО ""Tengripharm"" г.Астана , ул. А-52, д. 8",Астана,"ул. А-52, д. 8",1.24,sloc_01KSAHYDSBZDRC828M4VV8RMZ4,0.6261
403,Аспект-траст г.Атырау  ул.Сатпаева 43а закрыта,Атырау,,4000,closed_source_review,true,sloc_01KSBH8M08TG18FQ5KNTG2M29R,Аспект-траст г.Атырау ул.Сатпаева 43а закрыта,Атырау,ул.Сатпаева 43а закрыта,0.73,sloc_01KSAHYDSKC2X6T7W54DG51680,0.5549
404,Курмет-Фарм г.Актобе ул. Сатпаева 11,Актобе,"Актобе, улица Сатпаева, 11",4000,exact_name_address_city,true,sloc_01KSAHYDSMY0YF1C9T6H952R7R,Курмет-Фарм г.Актобе ул. Сатпаева 11,Актобе,ул. Сатпаева 11,1.24,sloc_01KSAHYDSHWE1A4MGD822SDG5X,0.6148
405,"Ирбис-Жер г.Текели, ул. Ауэзова 36/2 Закрыта",Талдыкорган,"Текели, улица Ауэзова, 36/1",3000,closed_source_review,true,sloc_01KSAHYDSC8QVZCBK91FXG6XHX,"Ирбис-Жер г.Талдыкорган, Ауэзова 52",Талдыкорган,Ауэзова 52,0.594,sloc_01KSAHYDSBMFKVFSAVTZBBWKSC,0.509
406,"Курмет-Фарм г.Усть-Каменогорск , ул. Назарбаева 85",Усть-Каменогорск,"Усть-Каменогорск, Нурсултана Назарбаева проспект, 85",6000,exact_name_correlated_address_city,true,sloc_01KSAHYDSHWRNXJ8S3JMVXTRR0,"Курмет-Фарм г.Усть-Каменогорск , ул. Назарбаева 85",Усть-Каменогорск,ул. Назарбаева 85,1.0203,sloc_01KSAHYDSG0PN17BAG1B3CDVAX,0.8001
407,"Ирбис-Жер г. Шымкент , ул. Байтурсынова 4",Шымкент,"Шымкент, улица Байтурсынова, 4",3000,exact_name_address_city,true,sloc_01KSAHYDSFQ3RS1QXVXXV8A46G,"Ирбис-Жер г. Шымкент , ул. Байтурсынова 4",Шымкент,ул. Байтурсынова 4,1.24,sloc_01KSAHYDSG5AKYCMBPRBTH663X,0.6974
408,"Ирбис-Жер г. Шымкент , ул.Жангельдина 111",Шымкент,"Шымкент, улица Жангельдина, 111",3000,exact_name_address_city,true,sloc_01KSAHYDSJA4K5W6BA78ZMEN3C,"Ирбис-Жер г. Шымкент , ул.Жангельдина 111",Шымкент,ул.Жангельдина 111,1.24,sloc_01KSAHYDSGG2AXHY6G6A194DTH,0.9302
409,"ТОО ""Tengripharm"" г.Астана , ул. Нажмидинова 27",Астана,"Астана, улица Жумекен Нажимеденов, 27",5000,manual_review,true,sloc_01KSAHYDSFD89ARBES8QHX115C,"ТОО ""Tengripharm"" г.Астана , ул. Нажмидинова 27",Астана,ул. Нажмидинова 27,0.9772,sloc_01KSAHYDSFWZE4ZKY2D6587DG6,0.7454
410,"ТОО ""Tengripharm"" г.Астана , ул. Керей-Жанибек хандар 28",Астана,"Астана, Керей, Жанибек хандар улица, 28",5000,exact_name_address_city,true,sloc_01KSAHYDSDRCHGFXRBAAZR2QCA,"ТОО ""Tengripharm"" г.Астана , ул. Керей-Жанибек хандар 28",Астана,ул. Керей-Жанибек хандар 28,1.24,sloc_01KSAHYDSF4KPET6QWPW4Y2BZB,0.6342
411,"Ирбис-Жер г. Шымкент ,ул. Восток 90",Шымкент,"Шымкент, микрорайон Восток, 90",3000,exact_name_address_city,true,sloc_01KSAHYDSBE1W6DM2B038FD7AX,"Ирбис-Жер г. Шымкент ,ул. Восток 90",Шымкент,ул. Восток 90,1.24,sloc_01KSAHYDSJX87AKPKCMV6DZV3T,0.6382
412,"Ирбис-Жер г. Шымкент ,ул.Нурсат 172",Шымкент,"Шымкент, микрорайон Нурсат, 172",3000,exact_name_address_city,true,sloc_01KSAHYDSJD57TY8HTJMM56DAY,"Ирбис-Жер г. Шымкент ,ул.Нурсат 172",Шымкент,ул.Нурсат 172,1.24,sloc_01KSAHYDSJX87AKPKCMV6DZV3T,0.8739
413,"Ирбис-Жер г. Шымкент ,пр.Республики 44",Шымкент,"Шымкент, проспект Республики, 44",3000,exact_name_address_city,true,sloc_01KSAHYDSBFG4664VSME4VK2A5,"Ирбис-Жер г. Шымкент ,пр.Республики 44",Шымкент,пр.Республики 44,1.24,sloc_01KSAHYDSB4XXTQD3XQX18BA4W,0.8968
414,"Ирбис-Жер г. Шымкент ,Володарского 1/15",Кызылорда,,3000,manual_review,true,sloc_01KSAHYDSCG9GY3GMP51AVY29X,"Ирбис-Жер г.Кызылорда, мкр.Шугла 19.1",Кызылорда,мкр.Шугла 19.1,0.374,sloc_01KSAHYDSBAG8PYPEYB94WVFEN,0.3662
415,Курмет-Фарм г.Актобе ул. Абулхаирхана 27,Актобе,"Актобе, Проспект Абилкайыр-хана, 27",4000,exact_name_correlated_address_city,true,sloc_01KSAHYDSNE2HFJS6XNGX2K20V,Курмет-Фарм г.Актобе ул. Абулхаирхана 27,Актобе,ул. Абулхаирхана 27,1.0131,sloc_01KSAHYDSNY17YJD685RZ58TJ6,0.716
416,"Ирбис-Жер г. Шымкент ,ул.Нурсат 202",Шымкент,"Шымкент, микрорайон Нурсат, 202",3000,exact_name_address_city,true,sloc_01KSAHYDSJX87AKPKCMV6DZV3T,"Ирбис-Жер г. Шымкент ,ул.Нурсат 202",Шымкент,ул.Нурсат 202,1.24,sloc_01KSAHYDSJD57TY8HTJMM56DAY,0.8739
417,"Курмет-Фарм г.Усть-Каменогорск , ул.Потанина 13",Усть-Каменогорск,"Усть-Каменогорск, улица Потанина, 13",6000,exact_name_address_city,true,sloc_01KSAHYDSH9PJSY977YCKKM8QG,"Курмет-Фарм г.Усть-Каменогорск , ул.Потанина 13",Усть-Каменогорск,ул.Потанина 13,1.24,sloc_01KSAHYDSHMWXSY1Z3N0HJEP15,0.6959
418,"Курмет-Фарм пос.Боралдай, ул.Байконур 23",Алматы,"Боралдай, улица Байконыр, 23",4000,manual_review,true,sloc_01KSBH8M09X8A13VD0AQ7GBGPF,Курмет-Фарм г.Алматы ул.Жана гасыр 88в,Алматы,ул.Жана гасыр 88в,0.5239,sloc_01KSAHYDSE7XBSG1YKFJQHX8F1,0.5134
419,"Ирбис-Жер г. Талгар, ул.Бокина 32",Есик,"Талгар, улица Бокина, 32",1000,manual_review,true,sloc_01KSAHYDSBZ0GYCBDE4WP0D3KF,Ирбис-Жер г.Есик ул Ыскака 76д,Есик,ул Ыскака 76д,0.4748,sloc_01KSBH8KZXDB4M31CRS77XCA48,0.4577
420,"Ирбис-Жер г. Шымкент ,ул.Аскарова 34/8",Шымкент,"Шымкент, улица Аскарова, 34",3000,manual_review,true,sloc_01KSAHYDSB53BTESN16YYZVN5A,"Ирбис-Жер г. Шымкент ,ул.Аскарова 34/8",Шымкент,ул.Аскарова 34/8,1.0408,sloc_01KSAHYDSGVCZ5SFHXH6TYS3F3,0.8334
421,"ТОО ""Tengripharm"" г.Астана, ул.Улы Дала 55",Астана,"Астана, проспект Улы Дала, 55",5000,exact_name_address_city,true,sloc_01KSAHYDSC2XF5P61M6BCJTQD5,"ТОО ""Tengripharm"" г.Астана, ул.Улы Дала 55",Астана,ул.Улы Дала 55,1.24,sloc_01KSAHYDSHJX6JD8RFGKZY7W30,0.8952
422,"Ирбис-Жер г. Шымкент , ул. Жангельдина 14",Шымкент,"Шымкент, улица Жангельдина, 14",3000,exact_name_address_city,true,sloc_01KSAHYDSGG2AXHY6G6A194DTH,"Ирбис-Жер г. Шымкент , ул. Жангельдина 14",Шымкент,ул. Жангельдина 14,1.24,sloc_01KSAHYDSJA4K5W6BA78ZMEN3C,0.9302
423,"ТОО ""Tengripharm"" г.Астана, ул.Абылай Хана 26",Астана,"Астана, проспект Абылай хана, 26",5000,exact_name_address_city,true,sloc_01KSAHYDSD96YH17NZ08YHA8SS,"ТОО ""Tengripharm"" г.Астана, ул.Абылай Хана 26",Астана,ул.Абылай Хана 26,1.24,sloc_01KSAHYDSF9QPWYQNB2QB0HZSZ,0.9538
424,"Ирбис-Жер г.Кызылорда,ул. Самал 130 Закрыта",Кызылорда,"Кызылорда, улица Самал, 130",3000,closed_source_review,true,sloc_01KSAHYDSBAG8PYPEYB94WVFEN,"Ирбис-Жер г.Кызылорда,ул. Самал 130",Кызылорда,ул. Самал 130,1.1042,sloc_01KSAHYDSC6XPNBHTW5K54D21J,0.6504
425,"ТОО ""Tengripharm"" г.Астана, ул. Бектурова 17",Астана,"Астана, улица Абикен Бектуров, 17",5000,exact_name_correlated_address_city,true,sloc_01KSAHYDSDC43NDWE7SF2XHAKC,"ТОО ""Tengripharm"" г.Астана, ул. Бектурова 17",Астана,ул. Бектурова 17,1.0347,sloc_01KSAHYDSHV6GVPQR6XAQDPW32,0.7241
426,"Ирбис-Жер г. Сарканд , ул. Ауэзова 56б",Талдыкорган,"Сарканд, улица Ауэзова, 56",3000,manual_review,true,sloc_01KSAHYDSC8QVZCBK91FXG6XHX,"Ирбис-Жер г.Талдыкорган, Ауэзова 52",Талдыкорган,Ауэзова 52,0.7074,sloc_01KSAHYDSBMFKVFSAVTZBBWKSC,0.6045
427,Курмет-Фарм г.Актобе ул. Братьев Жубановых 302,Актобе,"Актобе, улица Братьев Жубановых, 302",4000,exact_name_address_city,true,sloc_01KSAHYDSNA5FC6ZJAZDV26S9V,Курмет-Фарм г.Актобе ул. Братьев Жубановых 302,Актобе,ул. Братьев Жубановых 302,1.24,sloc_01KSAHYDSHWE1A4MGD822SDG5X,0.5756
428,"Ирбис-Жер г. Шымкент , ул. Ращидова 34",Шымкент,"Шымкент, улица Рашидова, 34",3000,exact_name_correlated_address_city,true,sloc_01KSAHYDSGVCZ5SFHXH6TYS3F3,"Ирбис-Жер г. Шымкент , ул. Ращидова 34",Шымкент,ул. Ращидова 34,1.1173,sloc_01KSAHYDSB53BTESN16YYZVN5A,0.7285
429,"Ирбис-Жер г. Шымкент , ул. Сайрамская 235/1",Шымкент,"Шымкент, Сайрамская улица, 235/1",3000,exact_name_address_city,true,sloc_01KSAHYDSJRHDWYQ12YT6667MP,"Ирбис-Жер г. Шымкент , ул. Сайрамская 235/1",Шымкент,ул. Сайрамская 235/1,1.24,sloc_01KSAHYDSCZVFRV479ZP0RNXEY,0.8642
430,"Курмет-Фарм г.Усть-Каменогорск , ул. Назарбаева 3",Усть-Каменогорск,"Усть-Каменогорск, Нурсултана Назарбаева проспект, 3",6000,exact_name_correlated_address_city,true,sloc_01KSAHYDSG0PN17BAG1B3CDVAX,"Курмет-Фарм г.Усть-Каменогорск , ул. Назарбаева 3",Усть-Каменогорск,ул. Назарбаева 3,1.0123,sloc_01KSAHYDSG7BT8P0ZNQQKEJCBA,0.8001
431,"Курмет-Фарм г.Усть-Каменогорск ,ул.Вострецова 4 (Закрыта)",Усть-Каменогорск,,6000,closed_source_review,true,sloc_01KSBH8M08E25N0AKBKSGFS00G,"Курмет-Фарм г.Усть-Каменогорск , ул.Чехова 55 закрыта",Усть-Каменогорск,ул.Чехова 55 закрыта,0.5819,sloc_01KSAHYDSG7BT8P0ZNQQKEJCBA,0.5149
432,"Ирбис-Жер г. Алматы , ул. Абая 150/230",Алматы,"Алматы, Абая проспект, 150/230 блок 5",1000,manual_review,true,sloc_01KSAHYDSFE9QRRNK42YZB1D2S,"Ирбис-Жер г. Алматы , ул. Абая 150/230",Алматы,ул. Абая 150/230,0.9739,sloc_01KSAHYDSNZMPG6WGVNC721NRX,0.5838
433,"Ирбис-Жер г. Шымкент , ул. Уалиханова 219",Шымкент,"Шымкент, улица Уалиханова, 219",3000,exact_name_address_city,true,sloc_01KSAHYDSK4PPMJPDZT16EDQYX,"Ирбис-Жер г. Шымкент , ул. Уалиханова 219",Шымкент,ул. Уалиханова 219,1.24,sloc_01KSAHYDSBXM4K8SRHXXG66Y2V,0.9042
434,"Ирбис Транс Систем г.Уральск, ул. Жданова 14",Уральск,"Уральск, улица Жданова, 14",3000,exact_name_address_city,true,sloc_01KSBH8M00TH7YSCR5XSG8D4ZJ,"Ирбис Транс Систем г.Уральск, ул. Жданова 14",Уральск,ул. Жданова 14,1.24,sloc_01KSAHYDSNJQPDVQDAAF3ASAQE,0.7603
435,Ирбис-Жер г. Шымкент ул. Айбергенова 1 А,Шымкент,"Шымкент, улица Айбергенова, 1а",3000,manual_review,true,sloc_01KSAHYDSG5AKYCMBPRBTH663X,Ирбис-Жер г. Шымкент ул. Айбергенова 1 А,Шымкент,ул. Айбергенова 1 А,1.0638,sloc_01KSAHYDSFQ3RS1QXVXXV8A46G,0.7067
436,"Курмет-Фарм г.Алматы ул.Жунисова, 2/23",Алматы,"Алматы, улица Жунисова, 2/23 к6",4000,exact_name_correlated_address_city,true,sloc_01KSAHYDSN081ZP7SHPC28A9N5,"Курмет-Фарм г.Алматы ул.Жунисова, 2/23",Алматы,"ул.Жунисова, 2/23",1.1114,sloc_01KSAHYDSB0EQBKS4S8RQSB5MW,0.6409
437,"Ирбис-Жер г.Талдыкорган,ул. Кабанбай батыра 63",Талдыкорган,"Талдыкорган, улица Кабанбай батыра, 63",3000,exact_name_address_city,true,sloc_01KSAHYDSB06A097C0J7G60R5C,"Ирбис-Жер г.Талдыкорган,ул. Кабанбай батыра 63",Талдыкорган,ул. Кабанбай батыра 63,1.24,sloc_01KSAHYDS9GQFRS7VH7VH5RV63,0.8745
438,"Ирбис-Жер г. Шымкент ул.Молдагулова 25, кв 3",Шымкент,"Шымкент, улица Молдагуловой, 25",3000,manual_review,true,sloc_01KSAHYDSCTKKKBK6Z0ZPTNE68,"Ирбис-Жер г. Шымкент ул.Молдагулова 25, кв 3",Шымкент,"ул.Молдагулова 25, кв 3",0.9694,sloc_01KSAHYDSD6PX186MCZENS8N93,0.6104
439,Ирбис Транс Систем г. Уштобе ул. Момышулы 182 закрыта,Талдыкорган,,3000,closed_source_review,true,sloc_01KSAHYDSDDSHDDVZG4DVTCC8V,Ирбис Транс Систем г.Талдыкорган Молодежный 21,Талдыкорган,Молодежный 21,0.3887,sloc_01KSAHYDSDZ92Y5ZNEQWXVEY4Y,0.3808
440,"Ирбис-Жер г.Уральск, ул.Кызылжарская 19Н",Уральск,"Уральск, улица Кызылжарская, 19н",3000,exact_name_address_city,true,sloc_01KSBH8M01JWB5VWMZ9CF9DXYF,"Ирбис-Жер г.Уральск, ул.Кызылжарская 19Н",Уральск,ул.Кызылжарская 19Н,1.24,sloc_01KSBH8KZZWYXRD22NJWGE51RE,0.5925
441,"Ирбис-Жер г.Уральск, ЗКО Байтерекский район, п.Дарьинское, ул.Д.Конаева, 2/1 закрыта",Уральск,,3000,closed_source_review,true,sloc_01KSAHYDSERRE951H2APZ6XMHJ,"Ирбис-Жер г.Уральск,ЗКО Жанибекский район,п. Жанибек, ул Г.Караша,26А",Уральск,"ЗКО Жанибекский район,п. Жанибек, ул Г.Караша,26А",0.4776,sloc_01KSBH8KZZ65JKKZ6052KMCBT9,0.463
442,"Ирбис-Жер г.Уральск, ЗКО, Таскалинский район, с. Таскала, ул. Сабирова,9",Уральск,"Таскала, улица Сабирова, 9",3000,exact_name_correlated_address_city,true,sloc_01KSAHYDSEETQ4YT1V4D9JVPB8,"Ирбис-Жер г.Уральск, ЗКО, Таскалинский район, с. Таскала, ул. Сабирова,9",Уральск,"ЗКО, Таскалинский район, с. Таскала, ул. Сабирова,9",0.9976,sloc_01KSAHYDSEHE4A0RNR7NN9GRKP,0.6185
443,"Ирбис-Жер г.Уральск, ЗКО, Теректинский район,п. Акжайык, ул Акжайык,1А Закрыта",Уральск,"Акжайык, улица Акжайык, 1а",3000,closed_source_review,true,sloc_01KSBH8KZZ65JKKZ6052KMCBT9,"Ирбис-Жер г.Уральск, ЗКО, Теректинский район,п. Акжайык, ул Акжайык,1А",Уральск,"ЗКО, Теректинский район,п. Акжайык, ул Акжайык,1А",0.8874,sloc_01KSAHYDSERRE951H2APZ6XMHJ,0.5575
444,"Ирбис-Жер г.Уральск, ул.Курмангазы, 163, кв.99",Уральск,"Уральск, улица Курмангазы, 163",3000,manual_review,true,sloc_01KSBH8M00W3X79X0DMBMYA3MC,"Ирбис-Жер г.Уральск, ул.Курмангазы, 163, кв.99",Уральск,"ул.Курмангазы, 163, кв.99",0.9971,sloc_01KSAHYDSEXZH2EY4HFS11XXTE,0.7959
445,"Ирбис-Жер г.Уральск, пр.Абулхаир хана, 153, н.п.1М",Уральск,"Уральск, проспект Абулхаир хана, 153",3000,manual_review,true,sloc_01KSBH8M00GDY983HZRR2AWR1Y,"Ирбис-Жер г.Уральск, пр.Абулхаир хана, 153, н.п.1М",Уральск,"пр.Абулхаир хана, 153, н.п.1М",0.9998,sloc_01KSAHYDSM5JKNYCKY6VA482AB,0.6737
446,"Ирбис-Жер г.Уральск, п.Зачаганский, мкр.Арман, ул.М.Мункеулы, 116а",Уральск,"Зачаганск, улица Монкеулы, 116а",3000,exact_name_correlated_address_city,true,sloc_01KSAHYDSG3T8FKN9FEWNH03TK,"Ирбис-Жер г.Уральск, п.Зачаганский, мкр.Арман, ул.М.Мункеулы, 116а",Уральск,"п.Зачаганский, мкр.Арман, ул.М.Мункеулы, 116а",1.0466,sloc_01KSAHYDSERRE951H2APZ6XMHJ,0.5122
447,"Ирбис-Жер г.Уральск,ЗКО, Чингирлауский район, п. Чингирлау, ул Л.Клышев,114Б",Уральск,"Шынгырлау, улица Клышев, 114б",3000,manual_review,true,sloc_01KSAHYDSGMP1XVAQA0M5VSESF,"Ирбис-Жер г.Уральск,ЗКО, Чингирлауский район, п. Чингирлау, ул Л.Клышев,114Б",Уральск,"ЗКО, Чингирлауский район, п. Чингирлау, ул Л.Клышев,114Б",0.9544,sloc_01KSAHYDSG3T8FKN9FEWNH03TK,0.5001
448,"Ирбис-Жер г.Кызылорда,мкр.Токмагамбетов 25",Кызылорда,"Кызылорда, улица Аскара Токмагамбетова, 25",3000,exact_name_correlated_address_city,true,sloc_01KSAHYDSC6MTKBKBQPPKMSR4A,"Ирбис-Жер г.Кызылорда,мкр.Токмагамбетов 25",Кызылорда,мкр.Токмагамбетов 25,1.066,sloc_01KSAHYDSDQFHX0S6NA3D25T63,0.6446
449,"Ирбис-Жер г.Уральск,ЗКО Жанибекский район,п. Жанибек, ул Г.Караша,26А",Уральск,"Жанибек, улица Караша, 26а",3000,exact_name_correlated_address_city,true,sloc_01KSAHYDSERRE951H2APZ6XMHJ,"Ирбис-Жер г.Уральск,ЗКО Жанибекский район,п. Жанибек, ул Г.Караша,26А",Уральск,"ЗКО Жанибекский район,п. Жанибек, ул Г.Караша,26А",1.0033,sloc_01KSAHYDSEHE4A0RNR7NN9GRKP,0.5914
450,Курмет-Фарм г.Алматы ул.Жана гасыр 88в,Алматы,,4000,manual_review,true,sloc_01KSBH8M09X8A13VD0AQ7GBGPF,Курмет-Фарм г.Алматы ул.Жана гасыр 88в,Алматы,ул.Жана гасыр 88в,0.73,sloc_01KSAHYDSP954QY0R8JBRCJNF6,0.5127
451,"Ирбис-Жер г.Кызылорда, мкр.Шугла 19.1",Кызылорда,"Кызылорда, микрорайон Шугыла, 19",3000,manual_review,true,sloc_01KSAHYDSCG9GY3GMP51AVY29X,"Ирбис-Жер г.Кызылорда, мкр.Шугла 19.1",Кызылорда,мкр.Шугла 19.1,1.0058,sloc_01KSAHYDSJ7DAZ8CBQYRZVNFSB,0.729
452,"Ирбис-Жер г. Алматы ,ул.Кокжиек д 58",Алматы,"Алматы, микрорайон Кокжиек, 58",1000,exact_name_address_city,true,sloc_01KSAHYDSN5S1WTQZ3D2PGZT60,"Ирбис-Жер г. Алматы ,ул.Кокжиек д 58",Алматы,ул.Кокжиек д 58,1.24,sloc_01KSAHYDSNPZYQVYYGCF930P1X,0.5535
453,"Ирбис-Жер г. Алматы ,ул.Шевченко д48\52",Алматы,"Алматы, улица Шевченко, 48",1000,manual_review,true,sloc_01KSAHYDSNPZYQVYYGCF930P1X,"Ирбис-Жер г. Алматы ,ул.Шевченко д48\52",Алматы,ул.Шевченко д48\52,1.0077,sloc_01KSAHYDSN5S1WTQZ3D2PGZT60,0.5821
454,"Ирбис-Жер г.Уральск, ЗКО Жангалинский район,п. Жангала, ул.И.Тайманова,8",Уральск,"Жангала, улица Тайманова, 8",3000,manual_review,true,sloc_01KSAHYDSEHE4A0RNR7NN9GRKP,"Ирбис-Жер г.Уральск, ЗКО Жангалинский район,п. Жангала, ул.И.Тайманова,8",Уральск,"ЗКО Жангалинский район,п. Жангала, ул.И.Тайманова,8",0.9927,sloc_01KSAHYDSEETQ4YT1V4D9JVPB8,0.6086
455,"Ирбис-Жер г. Алматы ,ул.Алтай-1 д26",Алматы,"Алматы, Алтай 1 микрорайон, 26",1000,manual_review,true,sloc_01KSAHYDSNZMPG6WGVNC721NRX,"Ирбис-Жер г. Алматы ,ул.Алтай-1 д26",Алматы,ул.Алтай-1 д26,1.0576,sloc_01KSAHYDSFE9QRRNK42YZB1D2S,0.6408
456,"Ирбис-Жер г.Шымкент , Бейбытшылык 64",Шымкент,"Шымкент, 8-й микрорайон, 64",3000,manual_review,true,sloc_01KSAHYDSH3Y05ZS8S5J2G84GV,"Ирбис-Жер г.Шымкент , Бейбытшылык 64",Шымкент,Бейбытшылык 64,0.798,sloc_01KSAHYDSBEKWRX2NJJ1QVMAJR,0.4857
457,Аспект-траст г.Атырау ул.Тайманова 2б,Атырау,"Атырау, проспект Исатая Тайманова, 2Б",2000,exact_name_correlated_address_city,true,sloc_01KSAHYDSH9JM2T9Z0ZE9JNNEK,Аспект-траст г.Атырау ул.Тайманова 2б,Атырау,ул.Тайманова 2б,1.0539,sloc_01KSAHYDSJAXZ0ME7GKMC0A6KP,0.6642
458,Ирбис-Жер г.Петропавловск ул.Назарбаева 193 Закрыта,Петропавловск,"Петропавловск, улица Нурсултана Назарбаева, 193",3000,closed_source_review,true,sloc_01KSAHYDSPC0NRCN3HH1ETRKSX,Ирбис-Жер г.Петропавловск ул.Назарбаева 193,Петропавловск,ул.Назарбаева 193,0.9023,sloc_01KSAHYDSNJKB8MMYRP0S72MRN,0.7162
459,Ирбис-Жер г.Петропавловск ул.Болатбаева 2а,Петропавловск,"Петропавловск, улица Неля Болатбаева, 2а",3000,exact_name_correlated_address_city,true,sloc_01KSAHYDSEBGYM3ZNYPTA1621F,Ирбис-Жер г.Петропавловск ул.Болатбаева 2а,Петропавловск,ул.Болатбаева 2а,1.0842,sloc_01KSAHYDSNJKB8MMYRP0S72MRN,0.7258
460,Ирбис-Жер г.Петропавловск ул.Букетова 53,Петропавловск,"Петропавловск, улица им. Евнея Букетова, 53",3000,exact_name_correlated_address_city,true,sloc_01KSAHYDSAFPC5EZW5CVCNM3CS,Ирбис-Жер г.Петропавловск ул.Букетова 53,Петропавловск,ул.Букетова 53,1.0235,sloc_01KSAHYDSP8KVWAAH4MTF30ZS7,0.82
461,"Ирбис-Жер г.Шымкент ,ул.Уалиханова 223",Шымкент,"Шымкент, улица Уалиханова, 223",3000,exact_name_address_city,true,sloc_01KSAHYDSD6PX186MCZENS8N93,"Ирбис-Жер г.Шымкент ,ул.Уалиханова 223",Шымкент,ул.Уалиханова 223,1.24,sloc_01KSAHYDSK4PPMJPDZT16EDQYX,0.9042
462,"Ирбис-Жер г.Шымкент ,ул.Уалиханова 186",Шымкент,"Шымкент, улица Уалиханова, 186",3000,exact_name_address_city,true,sloc_01KSAHYDSBXM4K8SRHXXG66Y2V,"Ирбис-Жер г.Шымкент ,ул.Уалиханова 186",Шымкент,ул.Уалиханова 186,1.24,sloc_01KSBH8KZY5NZN47MVA231VB9Y,1.1328
463,"Ирбис-Жер г.Шымкент ,ул. Жибек Жолы 55/5 (закрыта)",Кызылорда,,3000,closed_source_review,true,sloc_01KSAHYDSB1ADRP6CXSR72PEYK,"Ирбис-Жер г.Кызылорда,ул.Абдулаева 5а",Кызылорда,ул.Абдулаева 5а,0.3446,sloc_01KSAHYDSPF7P5JC7M73NQ6H4M,0.3405
464,"Ирбис-Жер г.Шымкент ,пр-кт Республика 20",Шымкент,"Шымкент, проспект Республики, 20",3000,exact_name_correlated_address_city,true,sloc_01KSAHYDSBJ4Z2RYXTQPQ8HCY1,"Ирбис-Жер г.Шымкент ,пр-кт Республика 20",Шымкент,пр-кт Республика 20,1.079,sloc_01KSAHYDSBFG4664VSME4VK2A5,0.8641
465,"Ирбис-Жер г.Шымкент ,16 мк-он дом 10",Шымкент,"Шымкент, 16-й микрорайон, 10",3000,exact_name_correlated_address_city,true,sloc_01KSAHYDSC1W4Z4EKVMF6GVC5B,"Ирбис-Жер г.Шымкент ,16 мк-он дом 10",Шымкент,16 мк-он дом 10,1.0033,sloc_01KSAHYDSBV6DDBJHBGDH7A1EX,0.5844
466,"Ирбис-Жер г.Шымкент , ул.Рыскулова 402",Шымкент,"Шымкент, улица Рыскулова, 402",3000,exact_name_address_city,true,sloc_01KSAHYDSCG0MZ404WV7H34HX0,"Ирбис-Жер г.Шымкент , ул.Рыскулова 402",Шымкент,ул.Рыскулова 402,1.24,sloc_01KSAHYDSB53BTESN16YYZVN5A,0.6947
467,Ирбис-Жер Байтерек ул.Алмерек Абыз 54 Алм-ая область,Есик,"Байтерек, улица Алмерек Абыз, 54",1000,manual_review,true,sloc_01KSBH8KZXDB4M31CRS77XCA48,"Ирбис-Жер г.Есик с.Кендала, ул. Смыкова 131а",Есик,"с.Кендала, ул. Смыкова 131а",0.346,sloc_01KSAHYDSBZ0GYCBDE4WP0D3KF,0.3286
468,Ирбис-Жер г.Петропавловск ул.Конституции 55б,Петропавловск,"Петропавловск, улица Конституции Казахстана, 55Б",3000,exact_name_correlated_address_city,true,sloc_01KSAHYDSP8VW7BH0X22YXXVAH,Ирбис-Жер г.Петропавловск ул.Конституции 55б,Петропавловск,ул.Конституции 55б,1.0339,sloc_01KSAHYDSNJKB8MMYRP0S72MRN,0.5779
469,Ирбис-Жер г.Шымкент мк-он Туран дом 20,Шымкент,"Шымкент, микрорайон Туран, 20А",3000,manual_review,true,sloc_01KSAHYDSBV6DDBJHBGDH7A1EX,Ирбис-Жер г.Шымкент мк-он Туран дом 20,Шымкент,мк-он Туран дом 20,0.937,sloc_01KSAHYDSJX87AKPKCMV6DZV3T,0.7149
470,"ТОО ""Tengripharm"" г.Астана,ул.Багыстан Е-17",Астана,"Астана, Е 117 улица, 41",5000,manual_review,true,sloc_01KSAHYDSHV6GVPQR6XAQDPW32,"ТОО ""Tengripharm"" г.Астана,ул.Багыстан Е-17",Астана,ул.Багыстан Е-17,0.789,sloc_01KSAHYDSF39VQW1C7F39PZG12,0.6219
471,"ТОО ""Tengripharm"" г.Астана,ул.Лесная поляна 11",Астана,"Косшы, улица Лесная поляна, 11",5000,exact_name_correlated_address_city,true,sloc_01KSAHYDSCWR1EEA1N8TMX9HKE,"ТОО ""Tengripharm"" г.Астана,ул.Лесная поляна 11",Астана,ул.Лесная поляна 11,1.0858,sloc_01KSAHYDSA76CBMATJ7KQ5XZVG,0.8257
472,"Ирбис-Жер г. Алматы ,ул.Толе би д221",Алматы,"Алматы, улица Толе би, 221",1000,manual_review,true,sloc_01KSAHYDSNBG76BR23ZXSSN4DH,"Ирбис-Жер г. Алматы ,ул.Толе би д221",Алматы,ул.Толе би д221,1.0596,sloc_01KSAHYDSDJMMAFFMTNGZ55VEB,0.7806
473,Курмет-Фарм г.Актобе ул.Алтын орда 15 б,Актобе,"Актобе, микрорайон Алтын Орда, 12",4000,manual_review,true,sloc_01KSAHYDSGSYTAED4FSP8PHVVZ,Курмет-Фарм г.Актобе ул.Алтын орда 15 б,Актобе,ул.Алтын орда 15 б,1.0129,sloc_01KSAHYDSM4M0HH5R3SQ3R815M,0.8121
474,Ирбис-Жер г.Петропавловск ул.Интернациональная 57 закрыта,Петропавловск,"Петропавловск, улица Интернациональная, 57",3000,closed_source_review,true,sloc_01KSAHYDSPBMRZ9A6J9ZN32WPS,Ирбис-Жер г.Петропавловск ул.Интернациональная 57,Петропавловск,ул.Интернациональная 57,1.12,sloc_01KSAHYDSNJKB8MMYRP0S72MRN,0.5369
475,"Ирбис-Жер г. Алматы ,ул.Шухова 37Б",Алматы,"Алматы, улица Шухова, 37Б",1000,exact_name_address_city,true,sloc_01KSAHYDSP7A2VX56PSB0XXAX8,"Ирбис-Жер г. Алматы ,ул.Шухова 37Б",Алматы,ул.Шухова 37Б,1.24,sloc_01KSAHYDSBN69AKK8S0ZPQYTA2,0.6822
476,Ирбис-Жер г.Петропавловск ул.Букетова 51 закрыта,Петропавловск,"Петропавловск, улица им. Евнея Букетова, 51",3000,closed_source_review,true,sloc_01KSAHYDSP8KVWAAH4MTF30ZS7,Ирбис-Жер г.Петропавловск ул.Букетова 51,Петропавловск,ул.Букетова 51,0.8954,sloc_01KSAHYDSAFPC5EZW5CVCNM3CS,0.773
477,Ирбис-Жер г.Усть-Каменогорск ул.Бурова 29,Усть-Каменогорск,"Усть-Каменогорск, улица Бурова, 29",3000,exact_name_address_city,true,sloc_01KSAHYDSGJKG9XQGG635K77N2,Ирбис-Жер г.Усть-Каменогорск ул.Бурова 29,Усть-Каменогорск,ул.Бурова 29,1.24,sloc_01KSAHYDSGPENMW1Q5YAD9X741,0.6764
478,СКЛАД JNK ТОО,Алматы,,1000,manual_review,true,sloc_01KSAHYDSHMDDRB7520ZYA10C3,"JNK-фарм г. Алматы, ул.Гоголя 87",Алматы,ул.Гоголя 87,0.2116,sloc_01KSAHYDSB5E4TBP0F1SX054CT,0.2068
479,Склад ТОО Аспект-траст,Алматы,,2000,manual_review,true,sloc_01KSAHYDSCYFSRYTWNE2PY9G63,Аспект-траст г.Алматы 9мкр 3а,Алматы,9мкр 3а,0.3059,sloc_01KSAHYDSF4J2DQR289SJKDWX2,0.3059
480,Склад ТОО Курмет-Фарм,Алматы,,4000,manual_review,true,sloc_01KSAHYDSJ5JAN0QCT6MT5RHMY,Курмет-Фарм г.Алматы Раймбека 150,Алматы,Раймбека 150,0.2648,sloc_01KSAHYDSP954QY0R8JBRCJNF6,0.2648
481,Склад ТОО Ирбис-Жер,Алматы,,1000,manual_review,true,sloc_01KSAHYDS96KVFAFXB3749EHCV,JNK-фарм г.Алматы Толе Би 40,Алматы,Толе Би 40,0.2489,sloc_01KSAHYDSBYVB3G3TS5P01QM82,0.2438
482,Склад ТОО Ирбис Транс,Алматы,,1000,manual_review,true,sloc_01KSAHYDS96KVFAFXB3749EHCV,JNK-фарм г.Алматы Толе Би 40,Алматы,Толе Би 40,0.2388,sloc_01KSAHYDSF5TFSDWEM4FSRNNPK,0.2383
483,"Ирбис-Жер г.Кызылорда, ул.Мустафа Шокай 36",Кызылорда,"Кызылорда, улица Мустафы Шокая, 36 к1",3000,exact_name_correlated_address_city,true,sloc_01KSAHYDSBBXXBQJ0J6GPSB68V,"Ирбис-Жер г.Кызылорда, ул.Мустафа Шокай 36",Кызылорда,ул.Мустафа Шокай 36,1.066,sloc_01KSAHYDSJVE4EWNYYMFAVARMN,0.6019
484,"Ирбис-Жер г.Кызылорда, ул.3 укрепел квартал 1",Кызылорда,"Кызылорда, 3-й укрупненный квартал, 1",3000,exact_name_correlated_address_city,true,sloc_01KSAHYDSDHHCB4J9EAP6P2H4N,"Ирбис-Жер г.Кызылорда, ул.3 укрепел квартал 1",Кызылорда,ул.3 укрепел квартал 1,1.0532,sloc_01KSAHYDSFDGTB0JFZZZF20ZJC,0.574
485,"Ирбис-Жер г.Шымкент, ул.Абая 33Б",Шымкент,"Шымкент, проспект Абая, 33Б",3000,exact_name_address_city,true,sloc_01KSAHYDSC7B50XHNCC749R0T1,"Ирбис-Жер г.Шымкент, ул.Абая 33Б",Шымкент,ул.Абая 33Б,1.24,sloc_01KSAHYDSGVCZ5SFHXH6TYS3F3,0.6382
486,"Ирбис-Жер г.Талдыкорган,ул.Жансугурова 116",Талдыкорган,"Талдыкорган, И. Жансугурова, 116",3000,exact_name_correlated_address_city,true,sloc_01KSAHYDSBMFKVFSAVTZBBWKSC,"Ирбис-Жер г.Талдыкорган,ул.Жансугурова 116",Талдыкорган,ул.Жансугурова 116,1.1306,ph_17459c55,0.8844
487,Ирбис-Жер г.Конаев мик-н 5 дом 13 А,Есик,"Конаев, 5-й микрорайон, 13",3000,manual_review,true,sloc_01KSBH8KZXDB4M31CRS77XCA48,"Ирбис-Жер г.Есик с.Кендала, ул. Смыкова 131а",Есик,"с.Кендала, ул. Смыкова 131а",0.4915,sloc_01KSAHYDSBZ0GYCBDE4WP0D3KF,0.4325
488,Ирбис-Жер г.Шымкент Диваева 6/2,Шымкент,"Шымкент, улица Диваева, 6",3000,manual_review,true,sloc_01KSAHYDSBEKWRX2NJJ1QVMAJR,Ирбис-Жер г.Шымкент Диваева 6/2,Шымкент,Диваева 6/2,1.033,sloc_01KSAHYDSEGQJ6YXES3RTEBFPC,0.7492
489,Ирбис-Жер г.Шымкент Республики 1 Закрыта,Шымкент,"Шымкент, проспект Республики, 1",3000,closed_source_review,true,sloc_01KSAHYDSB4XXTQD3XQX18BA4W,Ирбис-Жер г.Шымкент Республики 1,Шымкент,Республики 1,1.1011,sloc_01KSAHYDSBFG4664VSME4VK2A5,0.846
490,Ирбис-Жер г.Шымкент  мкр.Терискей 2/21,Шымкент,"Шымкент, микрорайон Север, 2",3000,manual_review,true,sloc_01KSAHYDSC78QKB08W33CKMKWS,Ирбис-Жер г.Шымкент мкр.Терискей 2/21,Шымкент,мкр.Терискей 2/21,0.798,sloc_01KSAHYDSBEKWRX2NJJ1QVMAJR,0.5674
491,Ирбис-Жер г.Шымкент ул Жибек Жолы 17/1,Шымкент,"Шымкент, улица Жибек жолы, 17/1",3000,exact_name_address_city,true,sloc_01KSAHYDSCV93QNYETATN5PQ46,Ирбис-Жер г.Шымкент ул Жибек Жолы 17/1,Шымкент,ул Жибек Жолы 17/1,1.24,sloc_01KSAHYDSC1W4Z4EKVMF6GVC5B,0.5583
492,Ирбис-Жер г.Шымкент ул.Сайрамская 117,Шымкент,"Шымкент, Сайрамская улица, 117",3000,exact_name_address_city,true,sloc_01KSAHYDSCZVFRV479ZP0RNXEY,Ирбис-Жер г.Шымкент ул.Сайрамская 117,Шымкент,ул.Сайрамская 117,1.24,sloc_01KSAHYDSJRHDWYQ12YT6667MP,0.8642
493,"Ирбис-Жер г.Кызылорда,ул.Абдулаева 5а Закрыта",Кызылорда,"Кызылорда, улица Шадибая Абдуллаева, 5 к1",3000,closed_source_review,true,sloc_01KSAHYDSB1ADRP6CXSR72PEYK,"Ирбис-Жер г.Кызылорда,ул.Абдулаева 5а",Кызылорда,ул.Абдулаева 5а,0.7737,sloc_01KSAHYDSPF7P5JC7M73NQ6H4M,0.6048
494,Ирбис-Жер г.Конаев мик-н 4 дом 23,Есик,"Конаев, 4-й микрорайон, 23",3000,manual_review,true,sloc_01KSBH8KZXDB4M31CRS77XCA48,"Ирбис-Жер г.Есик с.Кендала, ул. Смыкова 131а",Есик,"с.Кендала, ул. Смыкова 131а",0.4452,sloc_01KSAHYDSBZ0GYCBDE4WP0D3KF,0.4423
495,"ТОО ""Tengripharm"" г.Астана,ул.Богенбай батыра 54",Астана,"Астана, проспект Богенбай батыра, 54",5000,exact_name_address_city,true,sloc_01KSAHYDSF1KA2M4HFM1Z0R4A0,"ТОО ""Tengripharm"" г.Астана,ул.Богенбай батыра 54",Астана,ул.Богенбай батыра 54,1.24,sloc_01KSAHYDSHRWKGA556BD3PHCY1,0.9247
496,"Ирбис-Жер РПО г.Шымкент ,ул.Уалиханова 186",Кызылорда,,3000,manual_review,true,sloc_01KSAHYDSC2G8VK04B3KXR7578,"Ирбис-Жер г.Кызылорда,ул. А.Бокейханова 64",Кызылорда,ул. А.Бокейханова 64,0.4122,sloc_01KSAHYDSPF7P5JC7M73NQ6H4M,0.3949
497,"ТОО Медин г.Туркестан, ул.Кожанова 48 закрыта",Туркестан,"Туркестан, улица Кожанова, 48",3000,closed_source_review,true,sloc_01KSAHYDSBCSDNE73AY1DP8MVB,"ТОО Медин г.Туркестан, ул.Кожанова 48",Туркестан,ул.Кожанова 48,1.107,sloc_01KSAHYDSEXDRJTYB9E12CBYXC,0.5945
498,"Ирбис-Жер г. Алматы ,ул.Ашимова 2А",Алматы,"Алматы, улица Ашимова, 2а",1000,exact_name_address_city,true,sloc_01KSAHYDSBN69AKK8S0ZPQYTA2,"Ирбис-Жер г. Алматы ,ул.Ашимова 2А",Алматы,ул.Ашимова 2А,1.24,sloc_01KSAHYDSP7A2VX56PSB0XXAX8,0.6822
499,"ТОО ""Tengripharm"" г.Астана,ул.Саpытогай, д13, н. п. 11",Астана,"Астана, улица Сарытогай, 13",5000,manual_review,true,sloc_01KSAHYDSB3BQFA9ZY28HBYANX,"ТОО ""Tengripharm"" г.Астана,ул.Саpытогай, д13, н. п. 11",Астана,"ул.Саpытогай, д13, н. п. 11",0.9331,sloc_01KSAHYDSGB9K25V5W7XCDS2PA,0.7245
500,"Ирбис-Жер г. Жетиген, ул.Жетигенская 9а",Есик,"Жетиген, улица Жетигенская, 9а",1000,manual_review,true,sloc_01KSBH8KZXDB4M31CRS77XCA48,"Ирбис-Жер г.Есик с.Кендала, ул. Смыкова 131а",Есик,"с.Кендала, ул. Смыкова 131а",0.5064,sloc_01KSAHYDSBZ0GYCBDE4WP0D3KF,0.4656
501,"Лимон фарм  г.Караганда, ул.Назарбаева 17/1",Караганда,"Караганда, проспект Нурсултана Назарбаева, 17а/1",1000,manual_review,true,sloc_01KSAHYDS9Y1WAC2FX6K85Y3NM,"Лимон фарм г.Караганда, ул.Назарбаева 17/1",Караганда,ул.Назарбаева 17/1,0.9457,sloc_01KSAHYDSKQQ8W406EXSTYAHSB,0.5637
502,Ирбис-Жер Алм.область г.Конаев мик-н 2 дом 3 А,Есик,"Конаев, 2-й микрорайон, 3а",1000,manual_review,true,sloc_01KSBH8KZXDB4M31CRS77XCA48,"Ирбис-Жер г.Есик с.Кендала, ул. Смыкова 131а",Есик,"с.Кендала, ул. Смыкова 131а",0.4382,sloc_01KSAHYDSBZ0GYCBDE4WP0D3KF,0.3876
503,Курмет-Фарм г.Усть-Каменогорск ул.Кабанбай Батыра 99,Усть-Каменогорск,"Усть-Каменогорск, улица Кабанбай батыра, 99",6000,exact_name_address_city,true,sloc_01KSAHYDSHJ9R40BD0JFF6HCBY,Курмет-Фарм г.Усть-Каменогорск ул.Кабанбай Батыра 99,Усть-Каменогорск,ул.Кабанбай Батыра 99,1.24,sloc_01KSBH8M0BKFZHM6HT73Q58XAE,0.6664
504,"ТОО Медин г.Семей Ул. Ибраева 152,н.п.2",Семей,"Семей, улица Ибраева, 152",3000,manual_review,true,sloc_01KSAHYDS9GQGX7EREQYEH7WDR,"ТОО Медин г.Семей Ул. Ибраева 152,н.п.2",Семей,"Ул. Ибраева 152,н.п.2",0.9793,sloc_01KSBH8M0165V9EN069QTVQDXJ,0.6652
505,"ТОО Медин г.Семей пер. 2,пос.Западный, д. 2/2",Семей,"Семей, улица Посёлок Западный, 2/2",3000,manual_review,true,sloc_01KSAHYDSNZYWM81W3926A7499,"ТОО Медин г.Семей пер. 2,пос.Западный, д. 2/2",Семей,"пер. 2,пос.Западный, д. 2/2",0.9681,sloc_01KSBH8KZZVAZHZ64DT8DZF3DB,0.4756
506,"Лимон Фарм г. Алматы ,ул.Кабанбай батыра 75",Алматы,"Алматы, улица Кабанбай батыра, 75",1000,exact_name_address_city,true,sloc_01KSAHYDSAM9Y2HEB4FH7SR6M0,"Лимон Фарм г. Алматы ,ул.Кабанбай батыра 75",Алматы,ул.Кабанбай батыра 75,1.24,sloc_01KSAHYDSH9F4R6HZC1XHMVV9S,0.7684
507,"Ирбис-Жер Каскелен, ул.Абылай Хана стр-е 92А",Алматы,"Каскелен, проспект Абылай хана, 92",1000,manual_review,true,sloc_01KSAHYDSPC7GM1YAJNNT43TTQ,JNK-фарм г.Алматы Абылай Хана 177,Алматы,Абылай Хана 177,0.5479,sloc_01KSAHYDSNZMPG6WGVNC721NRX,0.5143
508,Аспект-траст г.Атырау ул.Махамбет 118Е,Атырау,"Атырау, Махамбета Утемисова улица, 118е",2000,exact_name_correlated_address_city,true,sloc_01KSAHYDSG3VCRC54TJ4D0319P,Аспект-траст г.Атырау ул.Махамбет 118Е,Атырау,ул.Махамбет 118Е,1.0203,sloc_01KSAHYDSKGY7NVJ45BA4B36CS,0.5943
509,ТОО Медин г.Семей ул.Бозтаева 40,Семей,"Семей, улица Бозтаева, 40к",3000,manual_review,true,sloc_01KSBH8M0165V9EN069QTVQDXJ,ТОО Медин г.Семей ул.Бозтаева 40,Семей,ул.Бозтаева 40,1.0596,sloc_01KSBH8KZZVAZHZ64DT8DZF3DB,0.6374
510,ТОО Медин г.Семей ул.Шакарима 35,Семей,"Семей, проспект Шакарима, 35",3000,exact_name_address_city,true,sloc_01KSAHYDSM40BG37240A8PDWHH,ТОО Медин г.Семей ул.Шакарима 35,Семей,ул.Шакарима 35,1.24,sloc_01KSAHYDSFMJA18DQ4WQS8880M,0.5997
511,"Лимон Фарм г. Алматы ,ул.Сайна 22",Алматы,"Алматы, Саина улица, 22",1000,exact_name_correlated_address_city,true,sloc_01KSBH8M00XG5GAEWGEB5MQ0CQ,"Лимон Фарм г. Алматы ,ул.Сайна 22",Алматы,ул.Сайна 22,1.1013,sloc_01KSAHYDSAWK35XE25AAFWTH3Q,0.7698
512,"ТОО Медин г.Туркестан, ул.С.Бекбосынов зд 211А закрыта",Туркестан,"Туркестан, улица Бекбосынов, 211а",3000,closed_source_review,true,sloc_01KSAHYDSEXDRJTYB9E12CBYXC,"ТОО Медин г.Туркестан, ул.С.Бекбосынов зд 211А",Туркестан,ул.С.Бекбосынов зд 211А,1.0074,sloc_01KSAHYDSBCSDNE73AY1DP8MVB,0.598
513,Ирбис-Жер г.Петропавловск ул.Пирогова 8а,Петропавловск,"Петропавловск, улица Пирогова, 8а",3000,exact_name_address_city,true,sloc_01KSAHYDSP0BEW5BFD6MVRQQEM,Ирбис-Жер г.Петропавловск ул.Пирогова 8а,Петропавловск,ул.Пирогова 8а,1.24,sloc_01KSAHYDSEBGYM3ZNYPTA1621F,0.6353
514,"Лимон фарм  г.Караганда, ул.Аманжолова 3",Караганда,"Караганда, улица Аманжолова, 3",1000,exact_name_address_city,true,sloc_01KSAHYDSN6BS6RER48V29P4F3,"Лимон фарм г.Караганда, ул.Аманжолова 3",Караганда,ул.Аманжолова 3,1.24,sloc_01KSAHYDS980CVEHPR4RR9STJ7,0.7107
515,Ирбис-Жер г.Усть-Каменогорск ул.Шакарим 145,Усть-Каменогорск,"Усть-Каменогорск, проспект Шакарим, 145",3000,exact_name_address_city,true,sloc_01KSBH8M00YF5BD7YNK88T3MPB,Ирбис-Жер г.Усть-Каменогорск ул.Шакарим 145,Усть-Каменогорск,ул.Шакарим 145,1.24,sloc_01KSAHYDSG7BT8P0ZNQQKEJCBA,0.5609
516,Ирбис-Жер г.Петропавловск ул.Назарбаева 258,Петропавловск,"Петропавловск, улица Нурсултана Назарбаева, 258",3000,exact_name_correlated_address_city,true,sloc_01KSAHYDSNJKB8MMYRP0S72MRN,Ирбис-Жер г.Петропавловск ул.Назарбаева 258,Петропавловск,ул.Назарбаева 258,1.0274,sloc_01KSAHYDSPC0NRCN3HH1ETRKSX,0.7582
517,"Лимон фарм  г.Караганда, мкр.Степной 3,д 8",Караганда,"Караганда, микрорайон Степной-3, 8",1000,exact_name_address_city,true,sloc_01KSAHYDSE390M6GQM7ZKMHJD7,"Лимон фарм г.Караганда, мкр.Степной 3,д 8",Караганда,"мкр.Степной 3,д 8",1.24,sloc_01KSAHYDSFTFDTS7Z9BZ280C2B,0.5528
518,"ТОО Медин г.Алматы, ул.Жети казына, 27 Закрыта",Алматы,"Алматы, улица Жети казына, 27",3000,closed_source_review,true,sloc_01KSBH8M01KFBXFNJ2TG9HCQ7P,"ТОО Медин г.Алматы, ул.Жети казына, 27",Алматы,"ул.Жети казына, 27",1.107,sloc_01KSAHYDSDJWP7BV5JHWK2QANB,0.5475
519,"ТОО Медин г.Туркестан, ул.Ерубаева 105 закрыта",Туркестан,"Туркестан, улица Ерубаева, 105",3000,closed_source_review,true,sloc_01KSAHYDSFQCPP480TKBY50DSM,"ТОО Медин г.Туркестан, ул.Ерубаева 105",Туркестан,ул.Ерубаева 105,1.1083,sloc_01KSAHYDSBCSDNE73AY1DP8MVB,0.543
520,"Лимон фарм  г.Караганда,Темиртау Республики 8",Караганда,"Темиртау, проспект Республики, 8",1000,exact_name_address_city,true,sloc_01KSAHYDSNKDM2XJYJVWT1TZHT,"Лимон фарм г.Караганда,Темиртау Республики 8",Караганда,Темиртау Республики 8,1.24,sloc_01KSAHYDSE390M6GQM7ZKMHJD7,0.5002
521,"ТОО ""Tengripharm"" г.Астана, Кумисбекова 4",Астана,"Астана, улица Кенжебек Кумисбеков, 4",5000,exact_name_correlated_address_city,true,sloc_01KSAHYDSA4G7YBM6XRVQG8Z6V,"ТОО ""Tengripharm"" г.Астана, Кумисбекова 4",Астана,Кумисбекова 4,1.0218,sloc_01KSAHYDSC3Y6V37GB3FYPHQFP,0.7279
522,Ирбис Транс Систем г. Ушарал ул. Богенбай батыра 148,Талдыкорган,"Ушарал, улица Богенбай батыра, 148",3000,manual_review,true,sloc_01KSAHYDSCEGGQPKVQBGA4BR27,Ирбис Транс Систем г.Талдыкорган Кабанбай батыра 66/1,Талдыкорган,Кабанбай батыра 66/1,0.6976,sloc_01KSAHYDS9GQFRS7VH7VH5RV63,0.6874
523,Ирбис-Жер г.Петропавловск ул.Валиханова 40,Петропавловск,"Петропавловск, улица Шокана Уалиханова, 40",3000,exact_name_correlated_address_city,true,sloc_01KSAHYDSND6BNMYTKWAEV1P3C,Ирбис-Жер г.Петропавловск ул.Валиханова 40,Петропавловск,ул.Валиханова 40,1.0318,sloc_01KSAHYDSNJKB8MMYRP0S72MRN,0.6175
524,ТОО Медин г.Алматы ул. Толе би 260,Алматы,"Алматы, улица Толе би, 260",3000,exact_name_address_city,true,sloc_01KSAHYDSAVS6G693S1DFGN8G2,ТОО Медин г.Алматы ул. Толе би 260,Алматы,ул. Толе би 260,1.24,sloc_01KSAHYDS96KVFAFXB3749EHCV,0.7678
525,"Ирбис-Жер г.Кызылорда,Мкр Арай Текей батыр 14б",Кызылорда,"Кызылорда, улица Текей батыра, 14 к1",3000,manual_review,true,sloc_01KSAHYDSFDGTB0JFZZZF20ZJC,"Ирбис-Жер г.Кызылорда,Мкр Арай Текей батыр 14б",Кызылорда,Мкр Арай Текей батыр 14б,0.9563,sloc_01KSAHYDSC2G8VK04B3KXR7578,0.559
526,Ирбис Транс Систем г.Талдыкорган ул.Абылай хана 271а ЗАКРЫТА,Талдыкорган,,3000,closed_source_review,true,sloc_01KSAHYDS9GQFRS7VH7VH5RV63,Ирбис Транс Систем г.Талдыкорган Кабанбай батыра 62,Талдыкорган,Кабанбай батыра 62,0.4919,sloc_01KSAHYDSFJGMSGN3XYG11V74Z,0.489
527,"Лимон Фарм г. Алматы ,ЖК Аспан Сити , ул Кошкарбаева 1144 , с. Бесагаш",Алматы,"Бесагаш, улица Кошкарбаева, 1144",1000,manual_review,true,sloc_01KSAHYDSNX3TSKRQHD2V8K1YA,"Лимон Фарм г. Алматы ,ЖК Аспан Сити , ул Кошкарбаева 1144 , с. Бесагаш",Алматы,"ЖК Аспан Сити , ул Кошкарбаева 1144 , с. Бесагаш",0.9691,sloc_01KSAHYDSNF9BQ3FEQC6FNMWFG,0.5618
528,ТОО Медин г.Семей ул.Засядко 54,Семей,"Семей, Засядко улица, 54",3000,exact_name_address_city,true,sloc_01KSAHYDSFMJA18DQ4WQS8880M,ТОО Медин г.Семей ул.Засядко 54,Семей,ул.Засядко 54,1.24,sloc_01KSAHYDSM40BG37240A8PDWHH,0.5997
529,"ТОО Медин г.Семей ул. Сатпаева 20, н.п.19",Семей,"Семей, улица Сатпаева, 20",3000,manual_review,true,sloc_01KSBH8KZZVAZHZ64DT8DZF3DB,"ТОО Медин г.Семей ул. Сатпаева 20, н.п.19",Семей,"ул. Сатпаева 20, н.п.19",0.9666,sloc_01KSAHYDSH26KS677F5FBMP80B,0.8173
530,Ирбис Транс Систем г.Ушарал ул.Конаева 62В,Талдыкорган,"Ушарал, улица Конаева, 62в",3000,manual_review,true,sloc_01KSAHYDSFJGMSGN3XYG11V74Z,Ирбис Транс Систем г.Талдыкорган Ш.Уалиханова 206,Талдыкорган,Ш.Уалиханова 206,0.5823,sloc_01KSAHYDSEX02JFTQ6A1MAGP1H,0.5645
531,Ирбис Транс Систем г.Ушарал ул.Конаева 62А закрыта,Талдыкорган,"Ушарал, улица Конаева, 62а",1000,closed_source_review,true,sloc_01KSAHYDSFJGMSGN3XYG11V74Z,Ирбис Транс Систем г.Талдыкорган Ш.Уалиханова 206,Талдыкорган,Ш.Уалиханова 206,0.5531,sloc_01KSAHYDSEX02JFTQ6A1MAGP1H,0.5347
532,Лимон Фарм г.Караганда 22 мкрн 22 дом,Караганда,"Караганда, 22-й микрорайон, 22",1000,exact_name_correlated_address_city,true,sloc_01KSAHYDSFWKQJSARGTMDQPN97,Лимон Фарм г.Караганда 22 мкрн 22 дом,Караганда,22 мкрн 22 дом,1.0218,sloc_01KSAHYDSHBG00S5GPZRRP3AES,0.6054
533,Ирбис-Жер г.Уральск ул.Назарбаева 161,Уральск,"Уральск, улица Назарбаева, 161",3000,exact_name_address_city,true,sloc_01KSBH8KZZWYXRD22NJWGE51RE,Ирбис-Жер г.Уральск ул.Назарбаева 161,Уральск,ул.Назарбаева 161,1.24,sloc_01KSAHYDSMSQM8C9ETNRVB2CQC,0.8243
534,Ирбис-Жер г.Кызылорда ул.Шукурова 29,Кызылорда,"Кызылорда, улица Зейнулла Шукирова, 29",3000,manual_review,true,sloc_01KSAHYDSBJJQ636FQMVJBJPQV,Ирбис-Жер г.Кызылорда ул.Шукурова 29,Кызылорда,ул.Шукурова 29,0.9932,sloc_01KSAHYDSGVB2G8F9WCT8Q04WR,0.6508
535,Ирбис-Жер г.Уральск ул.Кунаево 70 кв 75,Уральск,"Уральск, улица Кунаева, 70",3000,manual_review,true,sloc_01KSBH8KZZGR1XHM75ZZNPEZE3,Ирбис-Жер г.Уральск ул.Кунаево 70 кв 75,Уральск,ул.Кунаево 70 кв 75,0.9354,sloc_01KSBH8KZZWYXRD22NJWGE51RE,0.6255
537,Лимон Фарм г.Алматы ул. Бенберина 36,Алматы,"Алматы, улица Бенберина, 36",1000,exact_name_address_city,true,sloc_01KSBH8KZZCCW53C0HTJWCNEW1,Лимон Фарм г.Алматы ул. Бенберина 36,Алматы,ул. Бенберина 36,1.24,sloc_01KSAHYDSHQ39HM780JTE0G1B8,0.606
538,Лимон Фарм г.Алматы ул.Жумабаева 30/1,Алматы,"Алматы, улица Жумабаева, 30",1000,manual_review,true,sloc_01KSAHYDSN86JM3B2NQ4D07JKM,Лимон Фарм г.Алматы ул.Жумабаева 30/1,Алматы,ул.Жумабаева 30/1,1.0438,sloc_01KSAHYDSNF9BQ3FEQC6FNMWFG,0.7981
539,ТОО Медин г.Семей ул.Момышулы 14,Семей,"Семей, Бауыржана Момышулы улица, 14",3000,exact_name_correlated_address_city,true,sloc_01KSAHYDSMA3SNPPNG733R6330,ТОО Медин г.Семей ул.Момышулы 14,Семей,ул.Момышулы 14,1.0131,sloc_01KSBH8M0165V9EN069QTVQDXJ,0.5444
541,ТОО Медин г.Семей ул.Севастопольская 23,Семей,"Семей, улица Севастопольская, 23",3000,exact_name_address_city,true,sloc_01KSAHYDSMZJ1WC6ZC10XPPGS1,ТОО Медин г.Семей ул.Севастопольская 23,Семей,ул.Севастопольская 23,1.24,sloc_01KSAHYDSH26KS677F5FBMP80B,0.6103
542,ТОО Медин г.Семей ул. Ауезова 39,Семей,"Семей, проспект Ауэзова, 39",3000,exact_name_correlated_address_city,true,sloc_01KSAHYDSM2KV4ZRSHFX5T9ECE,ТОО Медин г.Семей ул. Ауезова 39,Семей,ул. Ауезова 39,1.113,sloc_01KSBH8M0165V9EN069QTVQDXJ,0.6165
543,ТОО Медин г.Семей 410квартал д6,Семей,"Семей, улица 410-й квартал, 6",3000,manual_review,true,sloc_01KSAHYDSMPKCA9N5HY077FPR3,ТОО Медин г.Семей 410квартал д6,Семей,410квартал д6,1.0129,sloc_01KSAHYDSH26KS677F5FBMP80B,0.5812
545,Ирбис-Жер г.Шымкент Абдуразакова 6,Шымкент,"Шымкент, улица Абдуразакова, 6",3000,exact_name_address_city,true,sloc_01KSAHYDSEGQJ6YXES3RTEBFPC,Ирбис-Жер г.Шымкент Абдуразакова 6,Шымкент,Абдуразакова 6,1.24,sloc_01KSAHYDSGVCZ5SFHXH6TYS3F3,0.6465
546,Лимон Фарм г.Астана г.Кокшетау ул.Баймуканова 102 а,Кокшетау,"Кокшетау, улица Алимжана Баймуканова, 102а",1000,manual_review,true,sloc_01KSAHYDSNWCCG2XNXA81SHQDE,Лимон Фарм г.Кокшетау ул.Ауезова 189е,Кокшетау,ул.Ауезова 189е,0.5633,sloc_01KSAHYDSN2WFE4DWJST5E5Z9F,0.4976
548,Лимон Фарм г.Астана г.Кокшетау ул.Ауелбекова 155,Кокшетау,"Кокшетау, улица Еркина Ауельбекова, 155",1000,manual_review,true,sloc_01KSAHYDSNWCCG2XNXA81SHQDE,Лимон Фарм г.Кокшетау ул.Ауезова 189е,Кокшетау,ул.Ауезова 189е,0.6327,sloc_01KSAHYDSN2WFE4DWJST5E5Z9F,0.4864
549,Дубль еррор,Кызылорда,,3000,manual_review,true,sloc_01KSAHYDSC6XPNBHTW5K54D21J,"Ирбис-Жер г.Кызылорда, ул. Абая 50",Кызылорда,ул. Абая 50,0.1814,sloc_01KSAHYDSJVE4EWNYYMFAVARMN,0.1814
550,Лимон Фарм г.Тараз ул. Абая 160,Тараз,"Тараз, улица Абая, 160",1000,exact_name_address_city,true,sloc_01KSAHYDSH9X3FKVHBDW8R9EVA,Лимон Фарм г.Тараз ул. Абая 160,Тараз,ул. Абая 160,1.24,sloc_01KSAHYDSN1MECE22ZBAHK13VY,0.9236
551,Лимон Фарм г.Астана г.Кокшетау ул.Абая 155,Кокшетау,"Кокшетау, улица Абая Кунанбаева, 155",1000,manual_review,true,sloc_01KSAHYDSNWCCG2XNXA81SHQDE,Лимон Фарм г.Кокшетау ул.Ауезова 189е,Кокшетау,ул.Ауезова 189е,0.6014,sloc_01KSAHYDSN2WFE4DWJST5E5Z9F,0.5576
552,Лимон Фарм г. Тараз Мкр Самал 9,Тараз,"Тараз, микрорайон Самал, 9",1000,exact_name_address_city,true,sloc_01KSAHYDSHE0BR209W2QXN0BN3,Лимон Фарм г. Тараз Мкр Самал 9,Тараз,Мкр Самал 9,1.24,sloc_01KSAHYDSK0DZDGK4V23G6X55G,0.8252
553,Лимон Фарм г.Алматы ул.Серкебаева 32,Алматы,"Алматы, улица Серкебаева, 32",1000,exact_name_address_city,true,sloc_01KSAHYDSHQ39HM780JTE0G1B8,Лимон Фарм г.Алматы ул.Серкебаева 32,Алматы,ул.Серкебаева 32,1.24,sloc_01KSAHYDSKQ7YMYGKZ2MHBPFQY,0.8387
554,Склад ТОО Tengri,Алматы,,3000,manual_review,true,sloc_01KSAHYDSNBG76BR23ZXSSN4DH,"Ирбис-Жер г. Алматы ,ул.Толе би д221",Алматы,ул.Толе би д221,0.182,sloc_01KSAHYDS96KVFAFXB3749EHCV,0.1773
556,ТОО Медин г.Семей 15 микрорайон 9,Семей,"Семей, 15-й микрорайон, 9",3000,exact_name_correlated_address_city,true,sloc_01KSAHYDSN2SGDZD96DM6FEPVA,ТОО Медин г.Семей 15 микрорайон 9,Семей,15 микрорайон 9,1.066,sloc_01KSAHYDS9GQGX7EREQYEH7WDR,0.5069
557,ТОО Медин г.Семей ул.Спартак 20,Семей,"Семей, улица Спартака, 20",3000,exact_name_correlated_address_city,true,sloc_01KSAHYDSH26KS677F5FBMP80B,ТОО Медин г.Семей ул.Спартак 20,Семей,ул.Спартак 20,1.1376,sloc_01KSBH8KZZVAZHZ64DT8DZF3DB,0.6509
558,Ирбис Транс Систем г.Актау ул.19 мкр 45/3,Актау,"Актау, 19-й микрорайон, 45/3",3000,exact_name_correlated_address_city,true,sloc_01KSAHYDSMNPZWF31XWC2YH1FE,Ирбис Транс Систем г.Актау ул.19 мкр 45/3,Актау,ул.19 мкр 45/3,1.1013,sloc_01KSAHYDSJVBH0GFFZPKQF2PV1,0.6755
560,плохоой Лимон Фарм г.Кызылорда Жезказган  Абая 81,Кызылорда,,1000,manual_review,true,sloc_01KSAHYDSC6XPNBHTW5K54D21J,"Ирбис-Жер г.Кызылорда, ул. Абая 50",Кызылорда,ул. Абая 50,0.3413,sloc_01KSAHYDSJVE4EWNYYMFAVARMN,0.3413
561,Лимон Фарм Жезказган Абая 81,Жезказган,"Жезказган , улица Абая, 81",1000,no_city_candidates,true,,,,,,,
562,убльJNK-фарм г.Павлодар ул. Максима Горького 41,Павлодар,"Павлодар, улица Горького, 41",1000,exact_address_correlated_name_city,true,sloc_01KSAHYDSG0K6XV4H6VWHV4Z2P,JNK-фарм г.Павлодар Горького 41,Павлодар,Горького 41,1.0568,sloc_01KSBH8M0B69FVBTYP0G75AJ53,0.9306
564,!!потерянныйJNK-фарм г. Павлодар ул. Торайгырова 20,Павлодар,,1000,manual_review,true,sloc_01KSAHYDSE80HBXEP0K2GCN3P8,JNK-фарм г.Павлодар Торайгырова 20,Павлодар,Торайгырова 20,0.5457,sloc_01KSAHYDSGT6KEWX7G2352X2MM,0.4815
565,Лимон Фарм г.Алматы Северное Кольцо шоссе 99\4,Алматы,"Алматы, Северное Кольцо шоссе, 99/4",1000,exact_name_address_city,true,sloc_01KSAHYDSPBFVRTWAFMZEZMZYR,Лимон Фарм г.Алматы Северное Кольцо шоссе 99\4,Алматы,Северное Кольцо шоссе 99\4,1.24,sloc_01KSAHYDSNPZYQVYYGCF930P1X,0.4516
568,Курмет-Фарм г.Алматы ул.Манаса 61,Алматы,"Алматы, улица Манаса, 61",4000,exact_name_address_city,true,sloc_01KSAHYDSP954QY0R8JBRCJNF6,Курмет-Фарм г.Алматы ул.Манаса 61,Алматы,ул.Манаса 61,1.24,sloc_01KSBRMS3A607H4YXF4K3YNH22,0.6971
569,Лимон Фарм г.Тараз ул. Абая 103,Тараз,"Тараз, улица Абая, 103",1000,exact_name_address_city,true,sloc_01KSAHYDSN1MECE22ZBAHK13VY,Лимон Фарм г.Тараз ул. Абая 103,Тараз,ул. Абая 103,1.24,sloc_01KSAHYDSH9X3FKVHBDW8R9EVA,0.9236
570,"Ирбис-Жер г.Шымкент ул.Куаныш Тулеметов, зд. 50/37",Шымкент,"Шымкент, улица Толеметова, 50/37",3000,exact_name_correlated_address_city,true,sloc_01KSAHYDSHH9GT7NG59VVRH9MZ,"Ирбис-Жер г.Шымкент ул.Куаныш Тулеметов, зд. 50/37",Шымкент,"ул.Куаныш Тулеметов, зд. 50/37",1.0363,sloc_01KSAHYDSCTKKKBK6Z0ZPTNE68,0.58
572,"Лимон Фарм г.Алматы мкр. Аккент, д. 39, кв. 2",Алматы,"Алматы, Микрорайон Аккент, 39",1000,manual_review,true,sloc_01KSAHYDSP03FMVZPADM6WMH6R,"Лимон Фарм г.Алматы мкр. Аккент, д. 39, кв. 2",Алматы,"мкр. Аккент, д. 39, кв. 2",0.9778,sloc_01KSAHYDSHCWDHST2DSXNAMK84,0.556
573,Аспект-траст г.Алматы ул.Бузурбаева 23,Алматы,"Алматы, улица Бузурбаева, 23",2000,exact_name_address_city,true,sloc_01KSAHYDSE7XBSG1YKFJQHX8F1,Аспект-траст г.Алматы ул.Бузурбаева 23,Алматы,ул.Бузурбаева 23,1.24,sloc_01KSAHYDSCQCD7VVTXX5M7NZP0,0.7425
574,JNK-фарм г.Павлодар Горького 41,Павлодар,,1000,manual_review,true,sloc_01KSAHYDSG0K6XV4H6VWHV4Z2P,JNK-фарм г.Павлодар Горького 41,Павлодар,Горького 41,0.73,sloc_01KSAHYDSHFTEMA8RH0AJX5HNJ,0.5627
575,Лимон Фарм г.Тараз Самал. д.10,Тараз,"Тараз, микрорайон Самал, 10",1000,exact_name_address_city,true,sloc_01KSAHYDSK0DZDGK4V23G6X55G,Лимон Фарм г.Тараз Самал. д.10,Тараз,Самал. д.10,1.24,sloc_01KSAHYDSHE0BR209W2QXN0BN3,0.8252
576,Ирбис Транс Систем г.Алматы Жаркент Пащенко 25А,Есик,"Жаркент, улица Пащенко, 25а",1000,manual_review,true,sloc_01KSBH8KZXDB4M31CRS77XCA48,"Ирбис-Жер г.Есик с.Кендала, ул. Смыкова 131а",Есик,"с.Кендала, ул. Смыкова 131а",0.4097,sloc_01KSAHYDSBCVDY9HEFWFXA2V9N,0.3033
577,JNK-фарм г.Павлодар Торайгырова 20,Павлодар,"Павлодар, улица Торайгырова, 20",1000,exact_name_address_city,true,sloc_01KSAHYDSE80HBXEP0K2GCN3P8,JNK-фарм г.Павлодар Торайгырова 20,Павлодар,Торайгырова 20,1.24,sloc_01KSAHYDSGT6KEWX7G2352X2MM,0.6841
578,"Лимон Фарм г.Алматы Жетысу 2, 85",Алматы,,1000,manual_review,true,ph_6582f9ff,"Аптека г.Алматы Жетысу 2, 85",Алматы,"Жетысу 2, 85",0.4931,sloc_01KSBH8M00XG5GAEWGEB5MQ0CQ,0.4823
579,Лимон Фарм г.Алматы ул.Муратбаева 101,Алматы,,1000,manual_review,true,sloc_01KSAHYDSNF9BQ3FEQC6FNMWFG,Лимон Фарм г.Алматы ул.Муратбаева 101,Алматы,ул.Муратбаева 101,0.73,sloc_01KSAHYDSN86JM3B2NQ4D07JKM,0.5622
580,Лимон Фарм г.Тараз Рысбек Батыра 8а,Тараз,,1000,manual_review,true,sloc_01KSAHYDSJV8F15XJKZPRFVF5N,Лимон Фарм г.Тараз Рысбек Батыра 8а,Тараз,Рысбек Батыра 8а,0.73,sloc_01KSAHYDSH9X3FKVHBDW8R9EVA,0.46
581,Лимон Фарм г.Алматы ул.Майлина 210,Алматы,,1000,manual_review,true,sloc_01KSAHYDSAWK35XE25AAFWTH3Q,Лимон Фарм г.Алматы ул.Майлина 210,Алматы,ул.Майлина 210,0.73,sloc_01KSBH8M00XG5GAEWGEB5MQ0CQ,0.58
582,Курмет-Фарм г.Усть-Каменогорск Кокжал Барака 19,Усть-Каменогорск,,6000,manual_review,true,sloc_01KSBH8M0BKFZHM6HT73Q58XAE,Курмет-Фарм г.Усть-Каменогорск Кокжал Барака 19,Усть-Каменогорск,Кокжал Барака 19,0.73,sloc_01KSAHYDSHMWXSY1Z3N0HJEP15,0.5255
583,Ирбис-Жер г.Талдыкорган ул.Даирова 122,Талдыкорган,,3000,manual_review,true,ph_c7e077e9,"Ирбис-Жер г.Талдыкорган, Даирова 122",Талдыкорган,Даирова 122,0.6233,sloc_01KSAHYDSBMFKVFSAVTZBBWKSC,0.5525
584,"ТОО ""Tengripharm"" г.Астана г.Астана ул.Бейбарыс Султан 12",Астана,,5000,manual_review,true,sloc_01KSAHYDSGKWW0WDJVXE3QD5GA,"ТОО ""Tengripharm"" г.Астана, ул.Рыскулбекова 29",Астана,ул.Рыскулбекова 29,0.4776,sloc_01KSAHYDSHV6GVPQR6XAQDPW32,0.4604
585,"Ирбис Транс Систем г.Жаркент мкр1, ул.Б.Назым 27/1",Жаркент,,3000,no_city_candidates,true,,,,,,,
586,Плохой Лимон Фарм г.Алматы ул.Сейфулина 574/2,Алматы,,1000,manual_review,true,ph_096cf002,Лимон Фарм г.Алматы Сейфуллина 574/2,Алматы,Сейфуллина 574/2,0.5617,sloc_01KSBH8M00XG5GAEWGEB5MQ0CQ,0.4961
587,"Лимон Фарм г.Тараз р-н Эулиеата, мкр. Астана, д. 26, кв.41",Тараз,,1000,manual_review,true,sloc_01KSAHYDSH9X3FKVHBDW8R9EVA,Лимон Фарм г.Тараз ул. Абая 160,Тараз,ул. Абая 160,0.4072,sloc_01KSAHYDSHE0BR209W2QXN0BN3,0.4072
588,Лимон Фарм г.Алматы ул.Сейфулина 574/2,Алматы,,1000,manual_review,true,ph_096cf002,Лимон Фарм г.Алматы Сейфуллина 574/2,Алматы,Сейфуллина 574/2,0.6149,sloc_01KSBH8M00XG5GAEWGEB5MQ0CQ,0.5464
589,Лимон Фарм г.Тараз ул. Орынкулова 29а,Тараз,,1000,manual_review,true,sloc_01KSAHYDSH9X3FKVHBDW8R9EVA,Лимон Фарм г.Тараз ул. Абая 160,Тараз,ул. Абая 160,0.4727,sloc_01KSAHYDSN1MECE22ZBAHK13VY,0.4727
590,Лимон Фарм г.Алматы Айнабулак 3 д 143,Алматы,,1000,manual_review,true,ph_354af279,"Лимон Фарм г.Алматы Айнабулак-3, 143",Алматы,"Айнабулак-3, 143",0.6319,sloc_01KSAHYDSMTGV8JD8BCA9VD0C8,0.4808
591,ТОО DS INKAR Ltd г.Алматы ул.Наурызбай батыра 50,Алматы,г.Алматы ул.Наурызбай батыра 50,1000,manual_review,true,sloc_01KSAHYDSAM9Y2HEB4FH7SR6M0,"Лимон Фарм г. Алматы ,ул.Кабанбай батыра 75",Алматы,ул.Кабанбай батыра 75,0.6638,sloc_01KSAHYDSN54QQAM1T63P6MY3S,0.6194
592,Лимон Фарм г.Алматы ул. Жуалы 155,Алматы,,1000,manual_review,true,sloc_01KSAHYDSAWK35XE25AAFWTH3Q,Лимон Фарм г.Алматы ул.Майлина 210,Алматы,ул.Майлина 210,0.5318,sloc_01KSAHYDSN86JM3B2NQ4D07JKM,0.5275
593,Ирбис Транс Систем г.Актау 30 мкр 170 ТЦ Олжа,Актау,,3000,manual_review,true,sloc_01KSAHYDSK0RCXAJPA7HQFYNCH,"Ирбис Транс Систем г.Актау, мкр. 17 д. 23",Актау,мкр. 17 д. 23,0.5482,sloc_01KSAHYDSE9P9CNDQ3ZE2Z4Z3B,0.5466
594,Лимон Фарм г.Алматы ул.Жамбыла 20,Алматы,,1000,manual_review,true,sloc_01KSAHYDSAWK35XE25AAFWTH3Q,Лимон Фарм г.Алматы ул.Майлина 210,Алматы,ул.Майлина 210,0.5627,sloc_01KSBH8M00XG5GAEWGEB5MQ0CQ,0.5484
595,Ирбис-Жер г.Талдыкорган Жансугурова 71,Талдыкорган,,3000,manual_review,true,ph_17459c55,"Ирбис-Жер г.Талдыкорган, Жансугурова 71",Талдыкорган,Жансугурова 71,0.73,sloc_01KSAHYDSBMFKVFSAVTZBBWKSC,0.6013
596,Лимон Фарм г.Петропавловск ул.Рахимова 52,Петропавловск,,1000,manual_review,true,sloc_01KSAHYDSND6BNMYTKWAEV1P3C,Ирбис-Жер г.Петропавловск ул.Валиханова 40,Петропавловск,ул.Валиханова 40,0.4542,sloc_01KSAHYDSAFPC5EZW5CVCNM3CS,0.4494
597,JNK-фарм г.Павлодар ул.Бестужева 6 Закрыта,Павлодар,,1000,closed_source_review,true,sloc_01KSAHYDSA1VGSDZXRFMF0W4ZE,"Jnk-фарм г.Павлодар, Бестужева 6 50/3",Павлодар,Бестужева 6 50/3,0.5333,sloc_01KSAHYDSKKC5JWFEKKTF2G5N9,0.5065
